Unnamed: 0,token,valid,no_at_fault_collisions,drivable_area_compliance,ego_progress,time_to_collision_within_bound,comfort,driving_direction_compliance,score,rank,risk_type
60,002173d855a853f1,True,1.0,0.0,0.0,1.0,1.0,1.0,0.0,0,drivable_only
138,00544d3250c05b90,True,1.0,0.0,0.0,1.0,1.0,1.0,0.0,0,drivable_only
270,00a82840ad6056f2,True,0.5,1.0,0.717441992605959,0.0,1.0,1.0,0.2328004151262414,0,collision_only
294,00bd680ce304528d,True,1.0,0.0,0.0,1.0,1.0,1.0,0.0,0,drivable_only
347,00d9700b21585402,True,1.0,0.0,0.0,1.0,1.0,1.0,0.0,0,drivable_only
364,00e08ab8ba645894,True,1.0,0.0,0.0,1.0,1.0,0.5,0.0,0,drivable_only
412,00fb9e1fc35a5e8f,True,1.0,0.0,0.0,0.0,1.0,1.0,0.0,0,drivable_only
444,01104ec163e65825,True,1.0,0.0,0.0,1.0,1.0,1.0,0.0,0,drivable_only
448,0112cd2efee65939,True,0.0,1.0,0.0,0.0,1.0,1.0,0.0,0,collision_only
684,01a19f1e79a85280,True,1.0,0.0,0.0,1.0,1.0,1.0,0.0,0,drivable_only
694,01a6cbedb544593f,True,0.5,1.0,0.4167678555148739,0.0,1.0,1.0,0.1701599698989321,0,collision_only
814,01f7d38e9c2f5111,True,1.0,0.0,0.0,0.0,1.0,0.0,0.0,0,drivable_only
850,02106a0b17925e9c,True,0.5,1.0,0.8892491977253357,0.0,1.0,1.0,0.2685935828594449,0,collision_only
1237,030022fddb97503b,True,1.0,0.0,0.0,1.0,1.0,0.5,0.0,0,drivable_only
1271,03160d7ca5f05540,True,0.0,1.0,0.0,0.0,1.0,1.0,0.0,0,collision_only
1368,035048e0281e5095,True,1.0,0.0,0.0,0.0,1.0,1.0,0.0,0,drivable_only
1402,036745eb4c39591a,True,1.0,0.0,0.0,1.0,1.0,1.0,0.0,0,drivable_only
1549,03d0a33f77fd5004,True,0.0,1.0,0.0,0.0,1.0,1.0,0.0,0,collision_only
1605,03ec8c9b74a45c14,True,1.0,0.0,0.0,1.0,1.0,1.0,0.0,0,drivable_only
1671,040e683eec9d50f3,True,1.0,0.0,0.0,1.0,1.0,1.0,0.0,0,drivable_only
1683,0414049ec6595f7f,True,0.5,1.0,0.864982086567862,0.0,1.0,1.0,0.2635379347016379,0,collision_only
1702,041d2c0965205fb6,True,0.5,1.0,0.8418060401206936,0.0,1.0,1.0,0.2587095916918112,0,collision_only
2001,04c9bc7f5deb5b4c,True,1.0,0.0,0.0,1.0,1.0,1.0,0.0,0,drivable_only
2037,04e2042adb9952af,True,1.0,0.0,0.0,1.0,1.0,1.0,0.0,0,drivable_only
2097,050818422e2d5e90,True,0.0,1.0,0.0,0.0,1.0,1.0,0.0,0,collision_only
2146,052c68d6ac395a56,True,1.0,0.0,0.0,1.0,1.0,1.0,0.0,0,drivable_only
2243,0578374829f75d4f,True,1.0,0.0,0.0,1.0,1.0,1.0,0.0,0,drivable_only
2288,05986621844f54a2,True,1.0,0.0,0.0,1.0,1.0,1.0,0.0,0,drivable_only
2304,05a1ec04fcce52a1,True,1.0,0.0,0.0,1.0,1.0,1.0,0.0,0,drivable_only
2335,05bc53aa9cf15f25,True,1.0,0.0,0.0,1.0,1.0,1.0,0.0,0,drivable_only
2464,06134a04fac25952,True,0.0,0.0,0.0,0.0,1.0,0.0,0.0,0,both
2660,068d046d31b45ede,True,0.5,0.0,0.0,0.0,1.0,1.0,0.0,0,both
2681,06988be6303d50f6,True,1.0,0.0,0.0,1.0,1.0,1.0,0.0,0,drivable_only
2713,06b00acaca155007,True,1.0,0.0,0.0,1.0,1.0,1.0,0.0,0,drivable_only
2774,06d4ae92fdfa5c7e,True,0.0,1.0,0.0,0.0,1.0,1.0,0.0,0,collision_only
2989,075e27aa5afb55cb,True,1.0,0.0,0.0,1.0,1.0,1.0,0.0,0,drivable_only
3071,078a687f437853ec,True,0.0,1.0,0.0,0.0,1.0,1.0,0.0,0,collision_only
3086,0792a6dcbbd55f0b,True,1.0,0.0,0.0,1.0,1.0,1.0,0.0,0,drivable_only
3211,07ed259c4a365a73,True,1.0,0.0,0.0,1.0,1.0,1.0,0.0,0,drivable_only
3268,08121299416d5bf6,True,0.0,1.0,0.0,0.0,1.0,1.0,0.0,0,collision_only
3489,08a5d74580a552e0,True,0.0,1.0,0.0,0.0,1.0,1.0,0.0,0,collision_only
3540,08c616bd9d5752be,True,0.0,1.0,0.0,0.0,1.0,1.0,0.0,0,collision_only
3603,08f13880855c5cbe,True,0.0,1.0,0.0,0.0,1.0,1.0,0.0,0,collision_only
3737,0941306195f05aa1,True,1.0,0.0,0.0,1.0,1.0,0.0,0.0,0,drivable_only
3738,0942310a1f3b5ba6,True,1.0,0.0,0.0,0.0,1.0,1.0,0.0,0,drivable_only
3902,09ac5980ffce5ee3,True,0.0,1.0,0.0,0.0,1.0,1.0,0.0,0,collision_only
3920,09b5d1c06df55c68,True,1.0,0.0,0.0,1.0,1.0,1.0,0.0,0,drivable_only
3931,09bc46f77ac555af,True,0.0,1.0,0.0,1.0,1.0,1.0,0.0,0,collision_only
3965,09d1433c0b1b5378,True,1.0,0.0,0.0,1.0,1.0,1.0,0.0,0,drivable_only
4095,0a28a66512fa5f6f,True,1.0,0.0,0.0,1.0,1.0,1.0,0.0,0,drivable_only
4144,0a4c1115112a5c5c,True,0.0,1.0,0.0,0.0,1.0,1.0,0.0,0,collision_only
4656,0b8f363f6e065a7d,True,1.0,0.0,0.0,1.0,1.0,1.0,0.0,0,drivable_only
4751,0bcaf4e5af60552e,True,1.0,0.0,0.0,1.0,1.0,1.0,0.0,0,drivable_only
4752,0bcc8551849c538f,True,0.0,1.0,0.0,0.0,1.0,1.0,0.0,0,collision_only
4781,0be55e66f8c258d8,True,0.0,1.0,0.0,0.0,1.0,1.0,0.0,0,collision_only
4832,0c08bd3b7e635869,True,1.0,0.0,0.0,1.0,1.0,1.0,0.0,0,drivable_only
4907,0c37c33f81775482,True,0.0,1.0,0.0,0.0,1.0,1.0,0.0,0,collision_only
5050,0c85ff518bd754a8,True,0.0,1.0,0.0,0.0,1.0,1.0,0.0,0,collision_only
5149,0cc59130bd945c39,True,1.0,0.0,0.0,1.0,1.0,1.0,0.0,0,drivable_only
5170,0cd47791222850ca,True,0.0,1.0,0.0,0.0,1.0,1.0,0.0,0,collision_only
5441,0d7ea84a979157e2,True,1.0,0.0,0.0,1.0,1.0,0.5,0.0,0,drivable_only
5567,0dcf3267fc485764,True,0.0,1.0,0.0,0.0,1.0,1.0,0.0,0,collision_only
5777,0e4abea8ae7d505f,True,1.0,0.0,0.0,1.0,1.0,1.0,0.0,0,drivable_only
5789,0e5560f213605ba7,True,1.0,0.0,0.0,1.0,1.0,1.0,0.0,0,drivable_only
5829,0e6ae1fde7a4549f,True,0.5,1.0,0.6212752810618094,0.0,1.0,1.0,0.2127656835545436,0,collision_only
5888,0e93acfd8eed577b,True,1.0,0.0,0.0,1.0,1.0,1.0,0.0,0,drivable_only
5909,0ea3f85e01765060,True,0.0,1.0,0.0,0.0,1.0,1.0,0.0,0,collision_only
5926,0ead3230bfb0565a,True,1.0,0.0,0.0,1.0,1.0,1.0,0.0,0,drivable_only
6017,0eea738119cf5b7b,True,1.0,0.0,0.0,1.0,1.0,0.5,0.0,0,drivable_only
6032,0ef3d0e96bc751a7,True,1.0,0.0,0.0,1.0,1.0,1.0,0.0,0,drivable_only
6067,0f0ca0f4a2eb5640,True,1.0,0.0,0.0,1.0,1.0,1.0,0.0,0,drivable_only
6167,0f59dc2d87cb544b,True,1.0,0.0,0.0,1.0,1.0,1.0,0.0,0,drivable_only
6257,0f911afaabca51ae,True,1.0,0.0,0.0,1.0,1.0,1.0,0.0,0,drivable_only
6285,0f9f089fe5735468,True,1.0,0.0,0.0,1.0,1.0,1.0,0.0,0,drivable_only
6327,0fb6499ee22456b3,True,1.0,0.0,0.0,1.0,1.0,1.0,0.0,0,drivable_only
6446,100668fcbfc15f8f,True,1.0,0.0,0.0,1.0,1.0,0.5,0.0,0,drivable_only
6588,105a90f9e0185c45,True,1.0,0.0,0.0,1.0,1.0,1.0,0.0,0,drivable_only
6660,108b6e7a8663559d,True,1.0,0.0,0.0,1.0,1.0,1.0,0.0,0,drivable_only
6874,1102ca0c3cf756b0,True,1.0,0.0,0.0,1.0,1.0,1.0,0.0,0,drivable_only
6951,1139a6574b655829,True,0.0,1.0,0.0,0.0,1.0,1.0,0.0,0,collision_only
7157,11b979f470105ad7,True,0.0,1.0,0.0,0.0,1.0,1.0,0.0,0,collision_only
7189,11ceee170b09535e,True,0.0,1.0,0.0,0.0,1.0,1.0,0.0,0,collision_only
7241,11f068d09ad153fe,True,1.0,0.0,0.0,1.0,1.0,1.0,0.0,0,drivable_only
7365,12453c98496d5c3f,True,1.0,0.0,0.0,1.0,1.0,1.0,0.0,0,drivable_only
7658,12faf5794270515a,True,1.0,0.0,0.0,1.0,1.0,1.0,0.0,0,drivable_only
7680,1305c1ff0e9e58e1,True,0.0,1.0,0.0,0.0,1.0,1.0,0.0,0,collision_only
7719,131aa49f5c4a50dd,True,1.0,0.0,0.0,1.0,1.0,1.0,0.0,0,drivable_only
7721,131b4a5eee3350a4,True,0.0,1.0,0.0,0.0,1.0,1.0,0.0,0,collision_only
8043,13df47cc439b52b6,True,1.0,0.0,0.0,1.0,1.0,1.0,0.0,0,drivable_only
8207,1451b97df25851ef,True,1.0,0.0,0.0,1.0,1.0,1.0,0.0,0,drivable_only
8771,15ac25987b305512,True,0.0,1.0,0.0,0.0,1.0,1.0,0.0,0,collision_only
8800,15babcf6cece536f,True,0.0,1.0,0.0,0.0,1.0,1.0,0.0,0,collision_only
8912,16097d0bf1d95776,True,1.0,0.0,0.0,1.0,1.0,1.0,0.0,0,drivable_only
9044,1657677e1365512a,True,1.0,0.0,0.0,1.0,1.0,1.0,0.0,0,drivable_only
9068,1664a20a0ebb5589,True,1.0,0.0,0.0,0.0,1.0,0.5,0.0,0,drivable_only
9152,16956673d33154b6,True,0.0,1.0,0.0,0.0,1.0,1.0,0.0,0,collision_only
9233,16c52b490f0b5ff8,True,0.0,1.0,0.0,0.0,1.0,1.0,0.0,0,collision_only
9300,16e994e7135355cf,True,1.0,0.0,0.0,1.0,1.0,1.0,0.0,0,drivable_only
9308,16eec34a29a55ee5,True,1.0,0.0,0.0,1.0,1.0,0.0,0.0,0,drivable_only
9398,17289b9ef04c57ac,True,0.0,1.0,0.0,0.0,1.0,1.0,0.0,0,collision_only
9433,1735bd6a081a50a7,True,1.0,0.0,0.0,1.0,1.0,1.0,0.0,0,drivable_only
9545,177d18b6a36d5a2f,True,0.5,1.0,0.6085126020328536,0.0,1.0,1.0,0.2101067920901778,0,collision_only
9632,17afbedf9e5a5df2,True,1.0,0.0,0.0,1.0,1.0,0.5,0.0,0,drivable_only
9688,17d2e234397d51e3,True,1.0,0.0,0.0,1.0,1.0,1.0,0.0,0,drivable_only
9814,1824a4154b9f5eff,True,0.0,1.0,0.0,0.0,1.0,1.0,0.0,0,collision_only
9880,184c044e2f135792,True,1.0,0.0,0.0,1.0,1.0,1.0,0.0,0,drivable_only
9972,18846b066263541d,True,0.0,1.0,0.0,0.0,1.0,1.0,0.0,0,collision_only
9984,188f324a8f315c20,True,0.0,1.0,0.0,0.0,1.0,1.0,0.0,0,collision_only
9989,18922377ce9959cb,True,0.0,1.0,0.0,0.0,1.0,1.0,0.0,0,collision_only
10172,18fb227c0aa35967,True,0.0,1.0,0.0,0.0,1.0,1.0,0.0,0,collision_only
10204,1912f126f69d5027,True,1.0,0.0,0.0,1.0,1.0,1.0,0.0,0,drivable_only
10323,19623ce935575748,True,1.0,0.0,0.0,1.0,1.0,1.0,0.0,0,drivable_only
10383,198689f32f4953c0,True,1.0,0.0,0.0,1.0,1.0,1.0,0.0,0,drivable_only
10397,198ae61d12315e2d,True,1.0,0.0,0.0,1.0,1.0,1.0,0.0,0,drivable_only
10561,19f0ee61ea055560,True,0.0,1.0,0.0,0.0,1.0,1.0,0.0,0,collision_only
10609,1a0c973e1d0e55e6,True,1.0,0.0,0.0,1.0,1.0,1.0,0.0,0,drivable_only
10621,1a15432efdb7588f,True,1.0,0.0,0.0,1.0,1.0,0.0,0.0,0,drivable_only
10672,1a33a3668cee5c9f,True,0.0,1.0,0.0,0.0,1.0,1.0,0.0,0,collision_only
10707,1a435b3a12d05632,True,0.0,1.0,0.0,0.0,1.0,0.5,0.0,0,collision_only
10723,1a4e681d780053b8,True,0.0,1.0,0.0,0.0,1.0,1.0,0.0,0,collision_only
10971,1aed025e75145454,True,0.0,1.0,0.0,0.0,1.0,1.0,0.0,0,collision_only
11199,1b96ec8251f75898,True,0.0,1.0,0.0,0.0,1.0,1.0,0.0,0,collision_only
11244,1bb00f7800075368,True,1.0,0.0,0.0,1.0,1.0,1.0,0.0,0,drivable_only
11382,1c06d55f5d155887,True,1.0,0.0,0.0,1.0,1.0,1.0,0.0,0,drivable_only
11413,1c1765df50b05d2a,True,1.0,0.0,0.0,1.0,1.0,1.0,0.0,0,drivable_only
11585,1c838161da32513a,True,1.0,0.0,0.0,1.0,1.0,1.0,0.0,0,drivable_only
11658,1cb43da268ad593f,True,1.0,0.0,0.0,1.0,1.0,1.0,0.0,0,drivable_only
11728,1ce58516c7675036,True,0.5,0.0,0.0,0.0,1.0,0.5,0.0,0,both
11741,1cebc808dae950c3,True,1.0,0.0,0.0,1.0,1.0,1.0,0.0,0,drivable_only
11769,1d00e098bf325f79,True,1.0,0.0,0.0,1.0,1.0,1.0,0.0,0,drivable_only
11842,1d37f89c090d5740,True,0.0,1.0,0.0,0.0,1.0,1.0,0.0,0,collision_only
11845,1d3a918f98655625,True,1.0,0.0,0.0,1.0,1.0,1.0,0.0,0,drivable_only
11955,1d8c8597c18a561f,True,0.5,1.0,1.0,0.0,1.0,1.0,0.2916666666666667,0,collision_only
11982,1da09ddc10b55a5f,True,0.0,1.0,0.0,0.0,1.0,1.0,0.0,0,collision_only
11993,1da5a16b9c645a63,True,0.0,1.0,0.0,0.0,1.0,1.0,0.0,0,collision_only
12052,1dc616ca2c5353f8,True,1.0,0.0,0.0,1.0,1.0,1.0,0.0,0,drivable_only
12138,1dfc8f2675715759,True,0.0,1.0,0.0,0.0,1.0,1.0,0.0,0,collision_only
12211,1e3246684ad95349,True,1.0,0.0,0.0,1.0,1.0,1.0,0.0,0,drivable_only
12247,1e480f29e7625734,True,1.0,0.0,0.0,1.0,1.0,1.0,0.0,0,drivable_only
12381,1ea44254d35a5155,True,0.0,1.0,0.0,0.0,1.0,1.0,0.0,0,collision_only
12403,1eb3c5c7b03e56e1,True,0.0,1.0,0.0,0.0,1.0,1.0,0.0,0,collision_only
12642,1f592d03ed705a13,True,0.0,1.0,0.0,0.0,1.0,1.0,0.0,0,collision_only
13022,2074ae95adcd5770,True,0.0,1.0,0.0,0.0,1.0,1.0,0.0,0,collision_only
13045,2083a316b8d55d7e,True,1.0,0.0,0.0,1.0,1.0,0.0,0.0,0,drivable_only
13113,20b2b24008bb5738,True,1.0,0.0,0.0,1.0,1.0,1.0,0.0,0,drivable_only
13161,20cfe1fa287259e6,True,0.0,1.0,0.0,0.0,1.0,1.0,0.0,0,collision_only
13211,20ee178beff059d5,True,1.0,0.0,0.0,1.0,1.0,1.0,0.0,0,drivable_only
13229,20f959b9a6ab5708,True,1.0,0.0,0.0,1.0,1.0,0.0,0.0,0,drivable_only
13248,21035811cfd757cd,True,1.0,0.0,0.0,1.0,1.0,1.0,0.0,0,drivable_only
13252,21069f12989e55bc,True,0.0,1.0,0.0,0.0,1.0,1.0,0.0,0,collision_only
13272,2110a50d49e15db8,True,1.0,0.0,0.0,1.0,1.0,1.0,0.0,0,drivable_only
13395,2157fbdcd55658c1,True,1.0,0.0,0.0,1.0,1.0,1.0,0.0,0,drivable_only
13417,2162b239ec39511a,True,0.0,0.0,0.0,0.0,1.0,0.5,0.0,0,both
13616,21e19c1b258151ce,True,0.5,0.0,0.0,0.0,1.0,1.0,0.0,0,both
13728,222e906480a4569a,True,1.0,0.0,0.0,1.0,1.0,1.0,0.0,0,drivable_only
13802,2266961985ac5ada,True,0.5,1.0,0.7059105403827094,0.0,1.0,1.0,0.2303980292463977,0,collision_only
13815,226facd4be3e519f,True,0.0,1.0,0.0,0.0,1.0,1.0,0.0,0,collision_only
13881,2294a32031f85155,True,0.0,1.0,0.0,0.0,1.0,1.0,0.0,0,collision_only
13892,229a59137a705430,True,1.0,0.0,0.0,1.0,1.0,1.0,0.0,0,drivable_only
14019,22ef2909d6365682,True,1.0,0.0,0.0,1.0,1.0,1.0,0.0,0,drivable_only
14034,22fc4cf136b95912,True,1.0,0.0,0.0,1.0,1.0,0.5,0.0,0,drivable_only
14350,23d78015952f5f06,True,1.0,0.0,0.0,1.0,1.0,0.5,0.0,0,drivable_only
14366,23e18553ae7058bf,True,1.0,0.0,0.0,1.0,1.0,1.0,0.0,0,drivable_only
14412,240168a20c7b5837,True,0.0,1.0,0.0,0.0,1.0,1.0,0.0,0,collision_only
14493,24348f199b8a536c,True,1.0,0.0,0.0,1.0,1.0,1.0,0.0,0,drivable_only
14564,2461b91e8bbf555c,True,1.0,0.0,0.0,0.0,1.0,1.0,0.0,0,drivable_only
14685,24ad83dd09e55fda,True,1.0,0.0,0.0,1.0,1.0,1.0,0.0,0,drivable_only
14688,24aee32f30145ec6,True,0.0,1.0,0.0,0.0,1.0,1.0,0.0,0,collision_only
14717,24bcf45bcc6f5dfb,True,1.0,0.0,0.0,1.0,1.0,1.0,0.0,0,drivable_only
14728,24c304d148185e84,True,0.0,1.0,0.0,0.0,1.0,1.0,0.0,0,collision_only
14828,2506f2dc60ec5d1b,True,0.0,1.0,0.0,0.0,1.0,1.0,0.0,0,collision_only
14853,25179de296395e4c,True,1.0,0.0,0.0,1.0,1.0,1.0,0.0,0,drivable_only
14977,2569de83e40e51e5,True,1.0,0.0,0.0,1.0,1.0,1.0,0.0,0,drivable_only
15226,25fbe30011bc5fb7,True,1.0,0.0,0.0,1.0,1.0,1.0,0.0,0,drivable_only
15227,25fc3cf264b1509a,True,1.0,0.0,0.0,1.0,1.0,1.0,0.0,0,drivable_only
15338,2648d345428e5946,True,0.0,1.0,0.0,0.0,1.0,1.0,0.0,0,collision_only
15402,2671d99b43fd5c2b,True,0.0,1.0,0.0,0.0,1.0,1.0,0.0,0,collision_only
15421,267becb08edd5191,True,0.0,1.0,0.0,0.0,1.0,1.0,0.0,0,collision_only
15456,268c99aa6fe5504e,True,0.0,1.0,0.0,1.0,1.0,1.0,0.0,0,collision_only
15516,26b72c6681cd5bec,True,1.0,0.0,0.0,1.0,1.0,0.5,0.0,0,drivable_only
15546,26c7d824277759fa,True,1.0,0.0,0.0,1.0,1.0,1.0,0.0,0,drivable_only
15572,26d603a303695c76,True,0.0,1.0,0.0,0.0,1.0,1.0,0.0,0,collision_only
15649,27040dead4b25288,True,1.0,0.0,0.0,1.0,1.0,1.0,0.0,0,drivable_only
15844,2788c5d5715c5e09,True,0.5,1.0,0.5948374184895048,0.0,1.0,1.0,0.2072577955186468,0,collision_only
15944,27d1612dc0cc5115,True,1.0,0.0,0.0,1.0,1.0,1.0,0.0,0,drivable_only
15951,27d61bddfc175b1f,True,0.0,1.0,0.0,0.0,1.0,1.0,0.0,0,collision_only
16056,282535a191a25c3d,True,1.0,0.0,0.0,1.0,1.0,1.0,0.0,0,drivable_only
16079,28332bcf196c5255,True,0.0,1.0,0.0,0.0,1.0,1.0,0.0,0,collision_only
16221,2892755fd2525142,True,1.0,0.0,0.0,1.0,1.0,1.0,0.0,0,drivable_only
16243,289c15a4af055f24,True,0.0,1.0,0.0,0.0,1.0,1.0,0.0,0,collision_only
16340,28d953bf43095227,True,0.0,1.0,0.0,0.0,1.0,1.0,0.0,0,collision_only
16366,28e609264c295deb,True,0.0,1.0,0.0,0.0,1.0,1.0,0.0,0,collision_only
16512,29419f0276c2579e,True,1.0,0.0,0.0,0.0,1.0,1.0,0.0,0,drivable_only
16753,29d8cec9c0c25e72,True,1.0,0.0,0.0,1.0,1.0,1.0,0.0,0,drivable_only
16762,29deab967bae5dde,True,0.0,1.0,0.0,0.0,1.0,1.0,0.0,0,collision_only
16885,2a217a228376536e,True,1.0,0.0,0.0,1.0,1.0,1.0,0.0,0,drivable_only
17072,2a97b2ac10505567,True,0.0,1.0,0.0,0.0,1.0,1.0,0.0,0,collision_only
17110,2aad44a3380159cd,True,1.0,0.0,0.0,1.0,1.0,0.0,0.0,0,drivable_only
17158,2acd8610b5e25fb8,True,0.0,1.0,0.0,0.0,1.0,1.0,0.0,0,collision_only
17255,2b0790e020855cf6,True,1.0,0.0,0.0,1.0,1.0,0.5,0.0,0,drivable_only
17277,2b1160a6062957b2,True,0.0,1.0,0.0,0.0,1.0,1.0,0.0,0,collision_only
17324,2b2df0d903b05d15,True,1.0,0.0,0.0,1.0,1.0,1.0,0.0,0,drivable_only
17449,2b7f3f007b94583a,True,0.0,1.0,0.0,0.0,1.0,1.0,0.0,0,collision_only
17613,2bed51b0959f555c,True,1.0,0.0,0.0,1.0,1.0,1.0,0.0,0,drivable_only
17619,2bf1e8cde60d5475,True,0.0,1.0,0.0,0.0,1.0,1.0,0.0,0,collision_only
17655,2c06550ed3ad5d0a,True,0.0,1.0,0.0,0.0,1.0,1.0,0.0,0,collision_only
17781,2c4e2963c6405a51,True,1.0,0.0,0.0,1.0,1.0,1.0,0.0,0,drivable_only
17786,2c4fd3582942510c,True,0.0,1.0,0.0,0.0,1.0,1.0,0.0,0,collision_only
17842,2c70edd9c0dc5502,True,1.0,0.0,0.0,1.0,1.0,1.0,0.0,0,drivable_only
17847,2c72acd715fc5cff,True,0.0,1.0,0.0,0.0,1.0,1.0,0.0,0,collision_only
18151,2d4bd54d83735ae3,True,1.0,0.0,0.0,1.0,1.0,1.0,0.0,0,drivable_only
18222,2d7ec5c914795883,True,0.0,1.0,0.0,0.0,1.0,1.0,0.0,0,collision_only
18563,2e470f52468f529e,True,1.0,0.0,0.0,1.0,1.0,1.0,0.0,0,drivable_only
18607,2e60c2b0a62357a5,True,1.0,0.0,0.0,1.0,1.0,1.0,0.0,0,drivable_only
18672,2e94082e7eaf574c,True,1.0,0.0,0.0,1.0,1.0,1.0,0.0,0,drivable_only
18790,2ee162f5816e582b,True,0.5,0.0,0.0,0.0,1.0,1.0,0.0,0,both
18885,2f12c0a06c995153,True,1.0,0.0,0.0,1.0,1.0,1.0,0.0,0,drivable_only
18906,2f1d2677a46c52ca,True,0.0,1.0,0.0,0.0,1.0,1.0,0.0,0,collision_only
18909,2f1f2357cc395e72,True,1.0,0.0,0.0,1.0,1.0,1.0,0.0,0,drivable_only
19030,2f676dd83c4b5ac0,True,1.0,0.0,0.0,1.0,1.0,1.0,0.0,0,drivable_only
19074,2f860282bb065d95,True,1.0,0.0,0.0,1.0,1.0,1.0,0.0,0,drivable_only
19157,2fbd67249eb155fb,True,0.0,1.0,0.0,0.0,1.0,1.0,0.0,0,collision_only
19348,303d33c9ca1f5776,True,0.0,1.0,0.0,0.0,1.0,1.0,0.0,0,collision_only
19470,308527b1661b5ad8,True,0.0,1.0,0.0,0.0,1.0,1.0,0.0,0,collision_only
19472,3085d9648fef5537,True,1.0,0.0,0.0,1.0,1.0,1.0,0.0,0,drivable_only
19760,314c0b8c653d5f19,True,1.0,0.0,0.0,1.0,1.0,1.0,0.0,0,drivable_only
20011,31f661aeaa6452f9,True,0.0,1.0,0.0,0.0,1.0,1.0,0.0,0,collision_only
20167,325c441674465dc4,True,1.0,0.0,0.0,1.0,1.0,1.0,0.0,0,drivable_only
20332,32b8e2d15f1857b9,True,0.0,1.0,0.0,0.0,1.0,1.0,0.0,0,collision_only
20430,32f5f8c026935e74,True,1.0,0.0,0.0,1.0,1.0,1.0,0.0,0,drivable_only
20466,330f5d1b9e9859fb,True,1.0,0.0,0.0,1.0,1.0,1.0,0.0,0,drivable_only
20469,33127ce8e20e5f63,True,1.0,0.0,0.0,1.0,1.0,0.0,0.0,0,drivable_only
20578,33553bd58a1952af,True,1.0,0.0,0.0,1.0,1.0,1.0,0.0,0,drivable_only
20627,336f384531dc5add,True,0.0,1.0,0.0,0.0,1.0,1.0,0.0,0,collision_only
20713,33a0fc56eed454c9,True,1.0,0.0,0.0,1.0,1.0,0.0,0.0,0,drivable_only
20731,33aa972bbb8e5472,True,0.0,1.0,0.0,0.0,1.0,1.0,0.0,0,collision_only
20781,33ca04e6baeb5d0b,True,0.0,1.0,0.0,0.0,1.0,0.0,0.0,0,collision_only
21080,34929fdbca1752dc,True,0.0,1.0,0.0,0.0,1.0,1.0,0.0,0,collision_only
21104,349f6c85cddb5e22,True,1.0,0.0,0.0,1.0,1.0,1.0,0.0,0,drivable_only
21181,34cdaaa33bde556f,True,0.0,1.0,0.0,0.0,1.0,1.0,0.0,0,collision_only
21193,34d37a57b8905e99,True,0.0,1.0,0.0,0.0,1.0,1.0,0.0,0,collision_only
21220,34e2c77c79a2579f,True,1.0,0.0,0.0,1.0,1.0,0.0,0.0,0,drivable_only
21249,34f4ca7cb6bc5c1c,True,0.0,1.0,0.0,0.0,1.0,1.0,0.0,0,collision_only
21328,352ab8c9f7945a79,True,1.0,0.0,0.0,1.0,1.0,1.0,0.0,0,drivable_only
21365,3540cd6d18ab5857,True,1.0,0.0,0.0,1.0,1.0,1.0,0.0,0,drivable_only
21544,35ba333ff07f5ce5,True,1.0,0.0,0.0,1.0,1.0,1.0,0.0,0,drivable_only
21555,35c0c985cfda51c6,True,1.0,0.0,0.0,1.0,1.0,1.0,0.0,0,drivable_only
21663,3606856fc4ea5e3d,True,1.0,0.0,0.0,0.0,1.0,1.0,0.0,0,drivable_only
21722,362916cb56fe5943,True,0.0,1.0,0.0,0.0,1.0,1.0,0.0,0,collision_only
21812,365d8b37580b5e4a,True,0.0,1.0,0.0,0.0,1.0,1.0,0.0,0,collision_only
21823,366423c6b1c45ef5,True,1.0,0.0,0.0,1.0,1.0,1.0,0.0,0,drivable_only
21831,36689404bf285ade,True,0.0,1.0,0.0,0.0,1.0,1.0,0.0,0,collision_only
21840,366d54f500935ec0,True,1.0,0.0,0.0,1.0,1.0,1.0,0.0,0,drivable_only
21883,368238384e315a02,True,1.0,0.0,0.0,1.0,1.0,1.0,0.0,0,drivable_only
22078,36ecb312430c59fd,True,1.0,0.0,0.0,1.0,1.0,1.0,0.0,0,drivable_only
22097,36f3daf1121356d3,True,0.0,1.0,0.0,0.0,1.0,1.0,0.0,0,collision_only
22258,375389c76c6d5c25,True,0.0,1.0,0.0,0.0,1.0,1.0,0.0,0,collision_only
22494,37e8f8d94ae4547d,True,0.0,1.0,0.0,0.0,1.0,1.0,0.0,0,collision_only
22510,37f4193743a45ffd,True,1.0,0.0,0.0,1.0,1.0,1.0,0.0,0,drivable_only
22541,38082f1ca49751b8,True,1.0,0.0,0.0,1.0,1.0,1.0,0.0,0,drivable_only
22549,380c3e9744c55761,True,0.5,1.0,0.6118977441269563,0.0,1.0,1.0,0.2108120300264492,0,collision_only
22670,385ca3c473b35a68,True,1.0,0.0,0.0,1.0,1.0,0.0,0.0,0,drivable_only
22746,388aae69d93b5cf9,True,1.0,0.0,0.0,1.0,1.0,1.0,0.0,0,drivable_only
22810,38b43d94b4cb54c3,True,1.0,0.0,0.0,1.0,1.0,1.0,0.0,0,drivable_only
22884,38e78b2c019f50a6,True,1.0,0.0,0.0,1.0,1.0,1.0,0.0,0,drivable_only
23006,392e034cb2a55053,True,0.0,1.0,0.0,0.0,1.0,1.0,0.0,0,collision_only
23185,399dd1934ce8567f,True,0.0,1.0,0.0,0.0,1.0,1.0,0.0,0,collision_only
23392,3a2b430f973a56bf,True,1.0,0.0,0.0,1.0,1.0,1.0,0.0,0,drivable_only
23402,3a2ef3106e135174,True,1.0,0.0,0.0,1.0,1.0,1.0,0.0,0,drivable_only
23639,3ad2e42065dc5ce1,True,0.5,1.0,1.0,0.0,1.0,1.0,0.2916666666666667,0,collision_only
23707,3af9c4278e835280,True,1.0,0.0,0.0,1.0,1.0,1.0,0.0,0,drivable_only
24027,3bca8890ac2656bf,True,1.0,0.0,0.0,1.0,1.0,1.0,0.0,0,drivable_only
24063,3be7c686243f5bb8,True,0.5,1.0,0.4791612672376612,0.0,1.0,1.0,0.1831585973411794,0,collision_only
24151,3c1cd1e366d1583d,True,0.0,1.0,0.0,0.0,1.0,1.0,0.0,0,collision_only
24164,3c2497777c1859cf,True,0.0,1.0,0.0,0.0,1.0,1.0,0.0,0,collision_only
24182,3c2f50f38d9f5980,True,1.0,0.0,0.0,1.0,1.0,1.0,0.0,0,drivable_only
24364,3ca3da81f3b5538b,True,1.0,0.0,0.0,1.0,1.0,1.0,0.0,0,drivable_only
24403,3cbdbea517a7564a,True,0.0,1.0,0.0,0.0,1.0,1.0,0.0,0,collision_only
24595,3d372b0ecb32575a,True,1.0,0.0,0.0,1.0,1.0,1.0,0.0,0,drivable_only
24604,3d3b17caebe25f80,True,1.0,0.0,0.0,1.0,1.0,1.0,0.0,0,drivable_only
24698,3d76286269775f49,True,1.0,0.0,0.0,1.0,1.0,1.0,0.0,0,drivable_only
24751,3d95c916305259f7,True,1.0,0.0,0.0,1.0,1.0,1.0,0.0,0,drivable_only
24821,3dbe4ee2082c57d0,True,0.0,1.0,0.0,0.0,1.0,0.5,0.0,0,collision_only
24830,3dc4cd734bd3549e,True,1.0,0.0,0.0,1.0,1.0,1.0,0.0,0,drivable_only
24860,3dd6906e67e95645,True,1.0,0.0,0.0,1.0,1.0,0.0,0.0,0,drivable_only
24894,3de73787a3245b83,True,1.0,0.0,0.0,1.0,1.0,1.0,0.0,0,drivable_only
24952,3e0a1a9218445e57,True,1.0,0.0,0.0,1.0,1.0,1.0,0.0,0,drivable_only
24977,3e1bb06984755791,True,0.0,1.0,0.0,0.0,1.0,1.0,0.0,0,collision_only
24987,3e206d31e9db58e3,True,1.0,0.0,0.0,1.0,1.0,1.0,0.0,0,drivable_only
25300,3eee94553d805960,True,1.0,0.0,0.0,1.0,1.0,1.0,0.0,0,drivable_only
25931,408d9e6a65405802,True,0.0,1.0,0.0,0.0,1.0,1.0,0.0,1,collision_only
26006,40b36d9f0dc45b29,True,1.0,0.0,0.0,1.0,1.0,1.0,0.0,1,drivable_only
26347,41880b9b2b1c5a61,True,0.0,1.0,0.0,0.0,1.0,1.0,0.0,1,collision_only
26451,41c5c89659ab5019,True,0.5,1.0,1.0,0.0,1.0,1.0,0.2916666666666667,1,collision_only
26779,4295bf81264d58f8,True,0.0,1.0,0.0,0.0,1.0,1.0,0.0,1,collision_only
26936,42fc737b181f5b38,True,0.5,0.0,0.0,0.0,1.0,1.0,0.0,1,both
26943,430349bcb1a25d96,True,0.0,1.0,0.0,0.0,1.0,1.0,0.0,1,collision_only
27118,4374ffa4e466524a,True,1.0,0.0,0.0,1.0,1.0,1.0,0.0,1,drivable_only
27130,437e7aa96ae951c9,True,1.0,0.0,0.0,1.0,1.0,1.0,0.0,1,drivable_only
27319,43f5284f6d1a5e81,True,1.0,0.0,0.0,1.0,1.0,1.0,0.0,1,drivable_only
27393,442d9f2f16f75c1c,True,0.0,1.0,0.0,0.0,1.0,1.0,0.0,1,collision_only
27580,449a54c85e025a4d,True,0.0,1.0,0.0,0.0,1.0,1.0,0.0,1,collision_only
27648,44c4a6ddb2645feb,True,0.0,1.0,0.0,0.0,1.0,1.0,0.0,1,collision_only
27683,44d86aad4e23556e,True,1.0,0.0,0.0,1.0,1.0,1.0,0.0,1,drivable_only
27687,44dc5806c4d651a0,True,1.0,0.0,0.0,1.0,1.0,1.0,0.0,1,drivable_only
27751,4508d738818e5e20,True,1.0,0.0,0.0,0.0,1.0,1.0,0.0,1,drivable_only
27811,452920c0479a5c19,True,1.0,0.0,0.0,1.0,1.0,1.0,0.0,1,drivable_only
27822,4534b77c987f5e09,True,0.0,1.0,0.0,0.0,1.0,1.0,0.0,1,collision_only
27832,453baa43a8c9516e,True,1.0,0.0,0.0,1.0,1.0,1.0,0.0,1,drivable_only
28109,45f163cfafcc5484,True,1.0,0.0,0.0,1.0,1.0,1.0,0.0,1,drivable_only
28235,464231eb1cfc5bfb,True,0.0,1.0,0.0,0.0,1.0,1.0,0.0,1,collision_only
28499,46ea2f2aee14535d,True,1.0,0.0,0.0,1.0,1.0,1.0,0.0,1,drivable_only
28531,4703c4e14c265696,True,1.0,0.0,0.0,1.0,1.0,1.0,0.0,1,drivable_only
28566,471afe6ff717515d,True,0.0,1.0,0.0,0.0,1.0,1.0,0.0,1,collision_only
28713,4780e94b639c59da,True,1.0,0.0,0.0,1.0,1.0,1.0,0.0,1,drivable_only
28739,4793bdc6561b5eab,True,1.0,0.0,0.0,1.0,1.0,1.0,0.0,1,drivable_only
28851,47dfc60b6e3a5dc2,True,1.0,0.0,0.0,1.0,1.0,1.0,0.0,1,drivable_only
28870,47ee386a31e65342,True,1.0,0.0,0.0,1.0,1.0,1.0,0.0,1,drivable_only
28931,48160fb59f2c5f0d,True,1.0,0.0,0.0,1.0,1.0,1.0,0.0,1,drivable_only
28975,48366562c06453db,True,1.0,0.0,0.0,1.0,1.0,1.0,0.0,1,drivable_only
29064,487fdb15bdb25ba3,True,0.0,1.0,0.0,0.0,1.0,1.0,0.0,1,collision_only
29070,4883743c7acc555e,True,0.0,1.0,0.0,0.0,1.0,1.0,0.0,1,collision_only
29106,489653fefb565d44,True,0.0,1.0,0.0,0.0,1.0,1.0,0.0,1,collision_only
29192,48d569a8a11c5fda,True,1.0,0.0,0.0,1.0,1.0,1.0,0.0,1,drivable_only
29219,48e68c9f31715b26,True,1.0,0.0,0.0,1.0,1.0,0.5,0.0,1,drivable_only
29282,490df68fa26752da,True,0.0,1.0,0.0,0.0,1.0,1.0,0.0,1,collision_only
29323,4928802ac51c52fb,True,0.0,1.0,0.0,0.0,1.0,1.0,0.0,1,collision_only
29523,49b408038b445768,True,1.0,0.0,0.0,1.0,1.0,1.0,0.0,1,drivable_only
29797,4a61ec13c90b505c,True,1.0,0.0,0.0,1.0,1.0,1.0,0.0,1,drivable_only
29804,4a6671190875522e,True,0.5,1.0,0.4410393320259754,0.0,1.0,1.0,0.1752165275054115,1,collision_only
29839,4a820e797aaf5a96,True,0.0,1.0,0.0,0.0,1.0,1.0,0.0,1,collision_only
29868,4a96ec239f015a22,True,1.0,0.0,0.0,1.0,1.0,1.0,0.0,1,drivable_only
30002,4aee71274a115ea7,True,1.0,0.0,0.0,1.0,1.0,1.0,0.0,1,drivable_only
30017,4af90c9a28435d04,True,1.0,0.0,0.0,1.0,1.0,1.0,0.0,1,drivable_only
30291,4ba7f5143cec5a1d,True,1.0,0.0,0.0,1.0,1.0,1.0,0.0,1,drivable_only
30306,4bb1c0825e58573d,True,1.0,0.0,0.0,1.0,1.0,0.5,0.0,1,drivable_only
30377,4bde839edd7c5214,True,0.0,1.0,0.0,0.0,1.0,1.0,0.0,1,collision_only
30448,4c087005155a580a,True,0.5,1.0,1.0,0.0,1.0,1.0,0.2916666666666667,1,collision_only
30713,4ca968ae759359b8,True,1.0,0.0,0.0,1.0,1.0,0.0,0.0,1,drivable_only
30715,4ca9b1657fd65acb,True,1.0,0.0,0.0,1.0,1.0,1.0,0.0,1,drivable_only
30738,4cb936b62644508d,True,0.0,1.0,0.0,0.0,1.0,1.0,0.0,1,collision_only
31006,4d6608189ed25ba1,True,0.0,1.0,0.0,0.0,1.0,1.0,0.0,1,collision_only
31054,4d82758009435878,True,0.0,1.0,0.0,0.0,1.0,1.0,0.0,1,collision_only
31167,4dc586d7670d5ba2,True,1.0,0.0,0.0,1.0,1.0,1.0,0.0,1,drivable_only
31198,4dd439ca0d3a56b5,True,1.0,0.0,0.0,1.0,1.0,1.0,0.0,1,drivable_only
31199,4dd58e8a52a956a3,True,0.0,1.0,0.0,0.0,1.0,1.0,0.0,1,collision_only
31233,4debda77239c52d1,True,1.0,0.0,0.0,1.0,1.0,1.0,0.0,1,drivable_only
31285,4e1239585457509e,True,0.0,1.0,0.0,0.0,1.0,1.0,0.0,1,collision_only
31416,4e651c3661db5ab1,True,1.0,0.0,0.0,1.0,1.0,0.0,0.0,1,drivable_only
31460,4e8a9d7f6d115bba,True,1.0,0.0,0.0,1.0,1.0,1.0,0.0,1,drivable_only
31516,4eabc7679b2a5f36,True,0.5,1.0,0.5311824182666475,0.0,1.0,1.0,0.1939963371388848,1,collision_only
31547,4ebf41f6f92f5eb0,True,1.0,0.0,0.0,1.0,1.0,1.0,0.0,1,drivable_only
31571,4ece654624b452ac,True,0.0,1.0,0.0,0.0,1.0,1.0,0.0,1,collision_only
31616,4ee750bc53395593,True,1.0,0.0,0.0,1.0,1.0,1.0,0.0,1,drivable_only
31622,4eeb31fdf0365313,True,1.0,0.0,0.0,1.0,1.0,1.0,0.0,1,drivable_only
31662,4f02764ce23c5c1d,True,0.5,0.0,0.0,0.0,1.0,1.0,0.0,1,both
31667,4f074e0b5da056de,True,0.0,1.0,0.0,0.0,1.0,1.0,0.0,1,collision_only
31676,4f0bb01978f55a23,True,1.0,0.0,0.0,1.0,1.0,1.0,0.0,1,drivable_only
31793,4f563ad4668f5991,True,0.0,1.0,0.0,0.0,1.0,1.0,0.0,1,collision_only
31883,4f89d1d190b55d53,True,1.0,0.0,0.0,1.0,1.0,1.0,0.0,1,drivable_only
32009,4fd75fe2db3e5ab9,True,1.0,0.0,0.0,1.0,1.0,1.0,0.0,1,drivable_only
32024,4fe0cdb07a1f54da,True,1.0,0.0,0.0,1.0,1.0,1.0,0.0,1,drivable_only
32123,501cfd09f7575fa2,True,0.0,1.0,0.0,0.0,1.0,1.0,0.0,1,collision_only
32192,50449d59b5a6561d,True,1.0,0.0,0.0,1.0,1.0,1.0,0.0,1,drivable_only
32200,5049e4f2dbc45df8,True,1.0,0.0,0.0,1.0,1.0,1.0,0.0,1,drivable_only
32335,50a46603c8fd5b7c,True,0.0,1.0,0.0,0.0,1.0,1.0,0.0,1,collision_only
32408,50db3c5d42ed565f,True,0.0,1.0,0.0,0.0,1.0,1.0,0.0,1,collision_only
32568,51508d5508c75978,True,0.0,1.0,0.0,0.0,1.0,1.0,0.0,1,collision_only
32586,515def5618365ccf,True,1.0,0.0,0.0,1.0,1.0,1.0,0.0,1,drivable_only
32760,51d65ee3317356d4,True,0.0,1.0,0.0,0.0,1.0,1.0,0.0,1,collision_only
32853,52093e6525cb505a,True,1.0,0.0,0.0,1.0,1.0,1.0,0.0,1,drivable_only
32913,522f874373fa5a26,True,1.0,0.0,0.0,1.0,1.0,1.0,0.0,1,drivable_only
33090,52a9f84a92495dde,True,0.0,1.0,0.0,0.0,1.0,1.0,0.0,1,collision_only
33254,53080dc7220b5643,True,0.0,1.0,0.0,0.0,1.0,1.0,0.0,1,collision_only
33255,530987542eeb541d,True,1.0,0.0,0.0,1.0,1.0,0.0,0.0,1,drivable_only
33473,53978731f2bd557e,True,1.0,0.0,0.0,1.0,1.0,1.0,0.0,1,drivable_only
33499,53a50aea62755ff8,True,1.0,0.0,0.0,1.0,1.0,1.0,0.0,1,drivable_only
33583,53da93b2332857bd,True,0.0,1.0,0.0,0.0,1.0,1.0,0.0,1,collision_only
33614,53f3c3d251cc5e36,True,1.0,0.0,0.0,0.0,1.0,1.0,0.0,1,drivable_only
33689,542620172c105e24,True,1.0,0.0,0.0,1.0,1.0,1.0,0.0,1,drivable_only
33844,54836bb0448c5ebc,True,1.0,0.0,0.0,1.0,1.0,1.0,0.0,1,drivable_only
33882,54a3300805b0595e,True,1.0,0.0,0.0,1.0,1.0,1.0,0.0,1,drivable_only
33943,54ce7533a0f353f5,True,0.0,1.0,0.0,0.0,1.0,1.0,0.0,1,collision_only
33985,54e4223242965ca1,True,0.0,1.0,0.0,0.0,1.0,1.0,0.0,1,collision_only
33994,54ea8d64102c5ed4,True,0.0,1.0,0.0,0.0,1.0,1.0,0.0,1,collision_only
34025,54ffa9a0995852f8,True,0.5,1.0,0.4116258950938802,0.0,1.0,1.0,0.1690887281445583,1,collision_only
34068,551876fc613557ac,True,0.0,1.0,0.0,0.0,1.0,1.0,0.0,1,collision_only
34127,553f68acf611593e,True,0.0,1.0,0.0,0.0,1.0,1.0,0.0,1,collision_only
34206,556b759b3f2e5f9c,True,1.0,0.0,0.0,0.0,1.0,0.0,0.0,1,drivable_only
34210,556c81f1a5d55b75,True,1.0,0.0,0.0,1.0,1.0,1.0,0.0,1,drivable_only
34261,558ca00ea4e75e84,True,1.0,0.0,0.0,1.0,1.0,0.0,0.0,1,drivable_only
34319,55afb16ccde550ce,True,1.0,0.0,0.0,0.0,1.0,0.0,0.0,1,drivable_only
34345,55c5864c96b95eaf,True,1.0,0.0,0.0,1.0,1.0,1.0,0.0,1,drivable_only
34421,55e8dc166bd55ac0,True,1.0,0.0,0.0,1.0,1.0,0.5,0.0,1,drivable_only
34464,56047ae39c9a5dd7,True,1.0,0.0,0.0,1.0,1.0,1.0,0.0,1,drivable_only
34565,5640e2b2fc9b5ef3,True,1.0,0.0,0.0,1.0,1.0,1.0,0.0,1,drivable_only
34634,566e8d71b2da589a,True,1.0,0.0,0.0,1.0,1.0,1.0,0.0,1,drivable_only
34677,5689b2395a52530f,True,1.0,0.0,0.0,1.0,1.0,1.0,0.0,1,drivable_only
34697,56959967a8e657a8,True,0.0,1.0,0.0,0.0,1.0,1.0,0.0,1,collision_only
34757,56b87a1b1c105f13,True,1.0,0.0,0.0,1.0,1.0,1.0,0.0,1,drivable_only
34844,56f52c65ef4b5d2d,True,1.0,0.0,0.0,1.0,1.0,0.5,0.0,1,drivable_only
34925,572d03729d2954af,True,1.0,0.0,0.0,1.0,1.0,1.0,0.0,1,drivable_only
34929,572dffb3dc3354e3,True,1.0,0.0,0.0,1.0,1.0,1.0,0.0,1,drivable_only
35008,576177f2e0715644,True,1.0,0.0,0.0,1.0,1.0,1.0,0.0,1,drivable_only
35071,578c92e108f25f91,True,1.0,0.0,0.0,1.0,1.0,1.0,0.0,1,drivable_only
35123,57b1f0b6a690555d,True,1.0,0.0,0.0,1.0,1.0,1.0,0.0,1,drivable_only
35182,57d81fda0b70586b,True,1.0,0.0,0.0,1.0,1.0,1.0,0.0,1,drivable_only
35221,57f63c98dcc05828,True,0.0,1.0,0.0,0.0,1.0,1.0,0.0,1,collision_only
35360,584d4a4035995bf3,True,0.0,1.0,0.0,0.0,1.0,1.0,0.0,1,collision_only
35467,588b7d6881f753fd,True,0.0,1.0,0.0,0.0,1.0,1.0,0.0,1,collision_only
35640,58f9a1b6731b5a94,True,1.0,0.0,0.0,1.0,1.0,1.0,0.0,1,drivable_only
35695,591bc8b041155fca,True,1.0,0.0,0.0,1.0,1.0,0.5,0.0,1,drivable_only
35697,591c2fd763a154a9,True,1.0,0.0,0.0,1.0,1.0,0.5,0.0,1,drivable_only
35753,593bfb7d8e7452f4,True,1.0,0.0,0.0,1.0,1.0,1.0,0.0,1,drivable_only
35794,595a7e51ca045c77,True,1.0,0.0,0.0,0.0,1.0,1.0,0.0,1,drivable_only
35805,5965be6343815b0d,True,1.0,0.0,0.0,1.0,1.0,0.5,0.0,1,drivable_only
35934,59b5634e7cce55eb,True,1.0,0.0,0.0,1.0,1.0,0.0,0.0,1,drivable_only
36177,5a5038ad98035689,True,0.0,1.0,0.0,0.0,1.0,1.0,0.0,1,collision_only
36179,5a50eca54e425288,True,0.0,1.0,0.0,0.0,1.0,1.0,0.0,1,collision_only
36287,5a944287257e59e6,True,1.0,0.0,0.0,1.0,1.0,1.0,0.0,1,drivable_only
36318,5aa9202d6137593c,True,1.0,0.0,0.0,1.0,1.0,1.0,0.0,1,drivable_only
36397,5ae5ea00a6a85ad1,True,0.0,1.0,0.0,0.0,1.0,1.0,0.0,1,collision_only
36459,5b0f43122ce35c1e,True,1.0,0.0,0.0,1.0,1.0,1.0,0.0,1,drivable_only
36563,5b5b2e667d9c58c7,True,1.0,0.0,0.0,1.0,1.0,1.0,0.0,1,drivable_only
36803,5bee5a9b7962524a,True,0.0,1.0,0.0,0.0,1.0,1.0,0.0,1,collision_only
36815,5bf5d76a6f3659fa,True,1.0,0.0,0.0,1.0,1.0,0.0,0.0,1,drivable_only
36819,5bf99ee994455106,True,0.0,1.0,0.0,0.0,1.0,1.0,0.0,1,collision_only
36859,5c1474edf15f5047,True,1.0,0.0,0.0,1.0,1.0,1.0,0.0,1,drivable_only
36870,5c1907615f66546c,True,0.5,1.0,0.4333784589046017,0.0,1.0,1.0,0.173620512271792,1,collision_only
36892,5c297618016a5591,True,0.0,1.0,0.0,0.0,1.0,1.0,0.0,1,collision_only
37016,5c7d3babcfe55271,True,1.0,0.0,0.0,1.0,1.0,0.0,0.0,1,drivable_only
37395,5d64663f086f5773,True,1.0,0.0,0.0,1.0,1.0,1.0,0.0,1,drivable_only
37542,5dbcb652bcaf5dd0,True,0.0,1.0,0.0,0.0,1.0,1.0,0.0,1,collision_only
37598,5debec4c189151ea,True,0.5,1.0,1.0,0.0,1.0,1.0,0.2916666666666667,1,collision_only
37617,5dfa313dd3555e80,True,1.0,0.0,0.0,1.0,1.0,1.0,0.0,1,drivable_only
37653,5e0f66b381bc5995,True,1.0,0.0,0.0,1.0,1.0,1.0,0.0,1,drivable_only
37757,5e56d92e0fcf50f3,True,1.0,0.0,0.0,1.0,1.0,0.5,0.0,1,drivable_only
37759,5e57b7d2b8da5912,True,0.0,1.0,0.0,0.0,1.0,1.0,0.0,1,collision_only
37772,5e62e95cd8ca5c97,True,0.0,1.0,0.0,0.0,1.0,1.0,0.0,1,collision_only
37802,5e733a4448d1589e,True,0.0,1.0,0.0,0.0,1.0,1.0,0.0,1,collision_only
37816,5e7f016d3da25c49,True,0.0,1.0,0.0,0.0,1.0,1.0,0.0,1,collision_only
37844,5e92e34e856b5ece,True,1.0,0.0,0.0,1.0,1.0,1.0,0.0,1,drivable_only
37976,5edae0506bf8503b,True,1.0,0.0,0.0,1.0,1.0,0.5,0.0,1,drivable_only
38025,5ef868adb8fa5db5,True,0.0,1.0,0.0,0.0,1.0,1.0,0.0,1,collision_only
38070,5f1a64512fc55968,True,0.5,1.0,1.0,0.0,1.0,1.0,0.2916666666666667,1,collision_only
38306,5fae70a69acf5e74,True,1.0,0.0,0.0,1.0,1.0,1.0,0.0,1,drivable_only
38408,5ff62a13f6ca535d,True,1.0,0.0,0.0,1.0,1.0,1.0,0.0,1,drivable_only
38429,60025c2f31295475,True,1.0,0.0,0.0,1.0,1.0,1.0,0.0,1,drivable_only
38435,6004a9437ebd5d7a,True,0.0,1.0,0.0,0.0,1.0,1.0,0.0,1,collision_only
38682,60a0e720d8945b20,True,0.0,1.0,0.0,0.0,1.0,1.0,0.0,1,collision_only
38684,60a23ec13f235788,True,0.0,1.0,0.0,0.0,1.0,0.5,0.0,1,collision_only
38688,60a4b4ec02375dfb,True,0.0,1.0,0.0,0.0,1.0,1.0,0.0,1,collision_only
38791,60e60cfeb21f5749,True,1.0,0.0,0.0,1.0,1.0,1.0,0.0,1,drivable_only
38798,60ea32619ee253f0,True,0.0,1.0,0.0,0.0,1.0,1.0,0.0,1,collision_only
38819,60f2957ebf0d50fc,True,0.5,1.0,1.0,0.0,1.0,1.0,0.2916666666666667,1,collision_only
38860,6115240f05f75dc1,True,0.0,1.0,0.0,0.0,1.0,1.0,0.0,1,collision_only
38864,611700ec6fca5795,True,0.0,1.0,0.0,0.0,1.0,1.0,0.0,1,collision_only
38887,6121848b213355cf,True,1.0,0.0,0.0,1.0,1.0,1.0,0.0,1,drivable_only
38893,6125f33b65815ba4,True,0.0,1.0,0.0,0.0,1.0,1.0,0.0,1,collision_only
38996,61601ccb7ecb5e6f,True,1.0,0.0,0.0,0.0,1.0,1.0,0.0,1,drivable_only
39134,61abeeb3e6115d12,True,0.0,1.0,0.0,0.0,1.0,1.0,0.0,1,collision_only
39206,61e094efcf3c5998,True,0.5,1.0,1.0,0.0,1.0,1.0,0.2916666666666667,1,collision_only
39537,6299b0fefcb15a82,True,0.0,1.0,0.0,0.0,1.0,1.0,0.0,1,collision_only
39620,62ce440179d253fe,True,0.0,1.0,0.0,0.0,1.0,1.0,0.0,1,collision_only
39630,62d4f0c122955d0a,True,1.0,0.0,0.0,1.0,1.0,1.0,0.0,1,drivable_only
39673,62ee03f1364f58e5,True,0.0,1.0,0.0,0.0,1.0,1.0,0.0,1,collision_only
39711,63001b527e555723,True,1.0,0.0,0.0,1.0,1.0,1.0,0.0,1,drivable_only
39888,637150a551b65335,True,1.0,0.0,0.0,1.0,1.0,1.0,0.0,1,drivable_only
39981,63bb14d234a95690,True,0.5,1.0,0.6520724931013459,0.0,1.0,1.0,0.2191817693961137,1,collision_only
39984,63bcdc286e255ac1,True,1.0,0.0,0.0,1.0,1.0,1.0,0.0,1,drivable_only
39986,63bdc6c19f505c36,True,1.0,0.0,0.0,1.0,1.0,0.0,0.0,1,drivable_only
39987,63be0728fa3f511c,True,0.0,1.0,0.0,0.0,1.0,0.0,0.0,1,collision_only
40024,63d6fb210a0152ed,True,1.0,0.0,0.0,1.0,1.0,1.0,0.0,1,drivable_only
40148,6427bc24788e5aae,True,1.0,0.0,0.0,1.0,1.0,1.0,0.0,1,drivable_only
40180,64374889df385bf5,True,0.0,1.0,0.0,0.0,1.0,1.0,0.0,1,collision_only
40248,645e30f07a925c4e,True,1.0,0.0,0.0,1.0,1.0,1.0,0.0,1,drivable_only
40274,6470345c7ea458d4,True,0.0,1.0,0.0,0.0,1.0,1.0,0.0,1,collision_only
40372,64b199375f5850f1,True,0.0,1.0,0.0,0.0,1.0,1.0,0.0,1,collision_only
40415,64cbfd0c07025e40,True,0.5,1.0,0.4947207188776633,0.0,1.0,1.0,0.1864001497661798,1,collision_only
40585,6541d220c1d558f4,True,1.0,0.0,0.0,1.0,1.0,1.0,0.0,1,drivable_only
40645,655f33f724385bac,True,1.0,0.0,0.0,1.0,1.0,0.5,0.0,1,drivable_only
40687,657848baf8e0545f,True,1.0,0.0,0.0,1.0,1.0,1.0,0.0,1,drivable_only
40712,65884243e7d05503,True,1.0,0.0,0.0,1.0,1.0,1.0,0.0,1,drivable_only
40777,65b11fb256a45310,True,1.0,0.0,0.0,1.0,1.0,1.0,0.0,1,drivable_only
40961,662ada91335f5a69,True,0.0,1.0,0.0,0.0,1.0,1.0,0.0,1,collision_only
41466,678fff0875975490,True,1.0,0.0,0.0,1.0,1.0,1.0,0.0,1,drivable_only
41505,67a4df7ce83958cc,True,1.0,0.0,0.0,1.0,1.0,1.0,0.0,1,drivable_only
41540,67b39c5fd8425da8,True,0.0,1.0,0.0,0.0,1.0,1.0,0.0,1,collision_only
41587,67da5328184151a1,True,1.0,0.0,0.0,1.0,1.0,1.0,0.0,1,drivable_only
41682,6813fdf37b965a7d,True,0.0,0.0,0.0,0.0,1.0,0.0,0.0,1,both
41861,687b5aa01f675312,True,0.0,1.0,0.0,0.0,1.0,1.0,0.0,1,collision_only
41885,688873d961665597,True,1.0,0.0,0.0,1.0,1.0,1.0,0.0,1,drivable_only
42082,68f973bdb9145c70,True,1.0,0.0,0.0,1.0,1.0,1.0,0.0,1,drivable_only
42115,6910763cb19e5c0d,True,1.0,0.0,0.0,1.0,1.0,1.0,0.0,1,drivable_only
42140,691d9bfa504d500d,True,1.0,0.0,0.0,1.0,1.0,1.0,0.0,1,drivable_only
42204,694b7166de1b5b4a,True,1.0,0.0,0.0,1.0,1.0,1.0,0.0,1,drivable_only
42285,697f57e307905a80,True,1.0,0.0,0.0,1.0,1.0,1.0,0.0,1,drivable_only
42522,6a0c22bca02857a4,True,0.0,1.0,0.0,0.0,1.0,1.0,0.0,1,collision_only
42675,6a660a7b891e500a,True,1.0,0.0,0.0,1.0,1.0,1.0,0.0,1,drivable_only
42769,6aaa5d0120cd5cda,True,1.0,0.0,0.0,1.0,1.0,1.0,0.0,1,drivable_only
42776,6aae4427a5815e14,True,1.0,0.0,0.0,1.0,1.0,1.0,0.0,1,drivable_only
42816,6acb54acea165d44,True,0.0,1.0,0.0,0.0,1.0,1.0,0.0,1,collision_only
42829,6ad70a52e93a5384,True,0.0,1.0,0.0,0.0,1.0,1.0,0.0,1,collision_only
42842,6ae19da8fdf35722,True,0.5,1.0,0.5072485739010419,0.0,1.0,1.0,0.189010119562717,1,collision_only
42904,6b069c922bf454a3,True,0.0,1.0,0.0,0.0,1.0,1.0,0.0,1,collision_only
43030,6b56e8b5a3b05944,True,1.0,0.0,0.0,1.0,1.0,0.0,0.0,1,drivable_only
43128,6b93cd3d18615c5b,True,1.0,0.0,0.0,1.0,1.0,1.0,0.0,1,drivable_only
43282,6bfdc0c9c0ed5f5a,True,1.0,0.0,0.0,1.0,1.0,0.5,0.0,1,drivable_only
43439,6c5f2254156b555f,True,1.0,0.0,0.0,1.0,1.0,1.0,0.0,1,drivable_only
43641,6cd8b425df9d5810,True,1.0,0.0,0.0,1.0,1.0,1.0,0.0,1,drivable_only
43688,6cf60fdfeb5f54f7,True,1.0,0.0,0.0,1.0,1.0,1.0,0.0,1,drivable_only
43762,6d2336fde1cf57a0,True,0.0,0.0,0.0,0.0,1.0,1.0,0.0,1,both
43877,6d6b58b6e74152dc,True,1.0,0.0,0.0,1.0,1.0,1.0,0.0,1,drivable_only
43922,6d859180a4ed56bb,True,1.0,0.0,0.0,1.0,1.0,1.0,0.0,1,drivable_only
44201,6e43146f0fdc55b4,True,0.0,1.0,0.0,0.0,1.0,1.0,0.0,1,collision_only
44382,6ea858ccee1a5ff4,True,1.0,0.0,0.0,1.0,1.0,1.0,0.0,1,drivable_only
44563,6f1a6d43b0675a36,True,1.0,0.0,0.0,1.0,1.0,1.0,0.0,1,drivable_only
44594,6f2b90a1069b554c,True,0.0,1.0,0.0,0.0,1.0,1.0,0.0,1,collision_only
44608,6f3314c7ac03508c,True,0.0,1.0,0.0,0.0,1.0,1.0,0.0,1,collision_only
44690,6f68aabff3db5874,True,1.0,0.0,0.0,1.0,1.0,1.0,0.0,1,drivable_only
44725,6f88a4d26e505dfb,True,0.0,1.0,0.0,0.0,1.0,1.0,0.0,1,collision_only
44750,6f98b7be697050ed,True,0.0,1.0,0.0,0.0,1.0,1.0,0.0,1,collision_only
44796,6fb965b8dd775d3c,True,0.0,1.0,0.0,0.0,1.0,1.0,0.0,1,collision_only
44806,6fbf377ba9595fc4,True,1.0,0.0,0.0,1.0,1.0,1.0,0.0,1,drivable_only
44828,6fce350a31dc5dcc,True,0.0,1.0,0.0,0.0,1.0,1.0,0.0,1,collision_only
44900,700211add9825c6d,True,1.0,0.0,0.0,1.0,1.0,1.0,0.0,1,drivable_only
45014,7041ee4616495d32,True,1.0,0.0,0.0,1.0,1.0,1.0,0.0,1,drivable_only
45017,70424d4c4ee15497,True,1.0,0.0,0.0,1.0,1.0,1.0,0.0,1,drivable_only
45191,70b3a1d04bd05551,True,0.5,0.0,0.0,0.0,1.0,0.5,0.0,1,both
45221,70c98a201b27506f,True,0.0,1.0,0.0,0.0,1.0,1.0,0.0,1,collision_only
45244,70e00dfe8fae5f60,True,0.0,1.0,0.0,0.0,1.0,1.0,0.0,1,collision_only
45335,7110b9e42a8a5ff7,True,0.0,1.0,0.0,0.0,1.0,1.0,0.0,1,collision_only
45478,71628d7091065940,True,1.0,0.0,0.0,1.0,1.0,1.0,0.0,1,drivable_only
45510,71727a42be325d6c,True,0.0,1.0,0.0,0.0,1.0,1.0,0.0,1,collision_only
45587,71a80411c3a952e0,True,0.5,1.0,0.4200784878939672,0.0,1.0,1.0,0.1708496849779098,1,collision_only
45910,726ae41922c252a1,True,0.0,1.0,0.0,0.0,1.0,1.0,0.0,1,collision_only
45921,726e234d7f9f574c,True,0.0,1.0,0.0,0.0,1.0,1.0,0.0,1,collision_only
46018,72b550fe3dde5b5f,True,1.0,0.0,0.0,1.0,1.0,1.0,0.0,1,drivable_only
46021,72b59837500d5ec3,True,0.0,1.0,0.0,0.0,1.0,1.0,0.0,1,collision_only
46085,72e180d4d8105ae7,True,0.0,1.0,0.0,0.0,1.0,1.0,0.0,1,collision_only
46144,730b0df2ac1c5e95,True,1.0,0.0,0.0,1.0,1.0,1.0,0.0,1,drivable_only
46154,7311f9d27cf055a2,True,1.0,0.0,0.0,1.0,1.0,1.0,0.0,1,drivable_only
46175,731d43a2effe5c1d,True,0.0,1.0,0.0,0.0,1.0,1.0,0.0,1,collision_only
46198,732c8802cda55154,True,1.0,0.0,0.0,1.0,1.0,1.0,0.0,1,drivable_only
46532,74037a0d9eab5f46,True,0.0,1.0,0.0,0.0,1.0,1.0,0.0,1,collision_only
46655,744e73627f5951e0,True,1.0,0.0,0.0,1.0,1.0,1.0,0.0,1,drivable_only
46762,7493c8c3ada35f75,True,0.0,1.0,0.0,0.0,1.0,1.0,0.0,1,collision_only
46842,74cd631f735c5cc5,True,1.0,0.0,0.0,1.0,1.0,0.5,0.0,1,drivable_only
46957,7518f61d28c55e31,True,0.0,1.0,0.0,0.0,1.0,1.0,0.0,1,collision_only
47041,7551708494925566,True,1.0,0.0,0.0,1.0,1.0,1.0,0.0,1,drivable_only
47044,755244e92f5551e4,True,1.0,0.0,0.0,1.0,1.0,1.0,0.0,1,drivable_only
47180,75ab5cc7deb25200,True,1.0,0.0,0.0,1.0,1.0,1.0,0.0,1,drivable_only
47327,7605b88ce7d2527e,True,1.0,0.0,0.0,1.0,1.0,1.0,0.0,1,drivable_only
47398,76308bfe88e3551c,True,0.0,1.0,0.0,0.0,1.0,1.0,0.0,1,collision_only
47464,76591440302954c6,True,0.0,1.0,0.0,0.0,1.0,1.0,0.0,1,collision_only
47536,76899fb5c8855d62,True,1.0,0.0,0.0,0.0,1.0,1.0,0.0,1,drivable_only
47540,7689f1515e1a5309,True,0.0,1.0,0.0,0.0,1.0,1.0,0.0,1,collision_only
47562,7698e0a74aa65705,True,0.0,1.0,0.0,0.0,1.0,1.0,0.0,1,collision_only
47581,76a5aa8a29d75ec1,True,1.0,0.0,0.0,1.0,1.0,1.0,0.0,1,drivable_only
47587,76ab47d2e79750fe,True,1.0,0.0,0.0,1.0,1.0,1.0,0.0,1,drivable_only
47605,76b60bc50ce25284,True,1.0,0.0,0.0,1.0,1.0,1.0,0.0,1,drivable_only
47661,76db16cc98335848,True,1.0,0.0,0.0,1.0,1.0,1.0,0.0,1,drivable_only
47715,76fdd5d4a8085508,True,1.0,0.0,0.0,1.0,1.0,0.0,0.0,1,drivable_only
47812,77407d25908951d3,True,1.0,0.0,0.0,1.0,1.0,1.0,0.0,1,drivable_only
47828,774992f514895002,True,1.0,0.0,0.0,1.0,1.0,1.0,0.0,1,drivable_only
47851,775b0dd554395fa3,True,0.0,1.0,0.0,0.0,1.0,1.0,0.0,1,collision_only
48291,786951c618eb56fc,True,1.0,0.0,0.0,1.0,1.0,1.0,0.0,1,drivable_only
48402,78a6fcacbfd35bac,True,0.0,1.0,0.0,0.0,1.0,1.0,0.0,1,collision_only
48547,79054aa4afb05ad1,True,1.0,0.0,0.0,1.0,1.0,0.0,0.0,1,drivable_only
48683,7961f3601132526e,True,0.0,1.0,0.0,0.0,1.0,0.5,0.0,1,collision_only
48744,79813e6608605498,True,0.0,1.0,0.0,0.0,1.0,1.0,0.0,1,collision_only
48779,79995344a9565a10,True,1.0,0.0,0.0,1.0,1.0,1.0,0.0,1,drivable_only
48857,79cf68f17bc85779,True,0.0,1.0,0.0,0.0,1.0,1.0,0.0,1,collision_only
48947,7a1124e550275eaa,True,0.5,1.0,0.8572876634138014,0.0,1.0,1.0,0.2619349298778753,1,collision_only
48969,7a228b4229b95e8b,True,1.0,0.0,0.0,1.0,1.0,1.0,0.0,1,drivable_only
48993,7a3400db59b157a7,True,1.0,0.0,0.0,1.0,1.0,1.0,0.0,1,drivable_only
49003,7a38b29701365fdc,True,0.0,1.0,0.0,0.0,1.0,1.0,0.0,1,collision_only
49127,7a817e927a2c5571,True,0.0,1.0,0.0,0.0,1.0,1.0,0.0,1,collision_only
49178,7a9f0aeda0fe5e47,True,0.0,1.0,0.0,0.0,1.0,1.0,0.0,1,collision_only
49399,7b2dedaea4d75a1f,True,0.0,1.0,0.0,0.0,1.0,1.0,0.0,1,collision_only
49489,7b6c0e4e7fe457f4,True,0.5,1.0,1.0,0.0,1.0,1.0,0.2916666666666667,1,collision_only
49512,7b7b3bfdeed45c73,True,0.0,1.0,0.0,0.0,1.0,1.0,0.0,1,collision_only
49603,7bc2ee266ff25a6d,True,0.0,1.0,0.0,0.0,1.0,1.0,0.0,1,collision_only
49638,7bda7382577d5ce5,True,1.0,0.0,0.0,1.0,1.0,1.0,0.0,1,drivable_only
49685,7bf65c50f15d59d3,True,1.0,0.0,0.0,1.0,1.0,0.5,0.0,1,drivable_only
49803,7c42e59605a95235,True,1.0,0.0,0.0,1.0,1.0,1.0,0.0,1,drivable_only
49830,7c5cfd3ec4595a0c,True,1.0,0.0,0.0,1.0,1.0,1.0,0.0,1,drivable_only
49891,7c852aa1f7695d33,True,1.0,0.0,0.0,1.0,1.0,1.0,0.0,1,drivable_only
50117,7d1612b7ce2f5bb8,True,0.0,1.0,0.0,0.0,1.0,1.0,0.0,1,collision_only
50135,7d2097d3f1335e8e,True,1.0,0.0,0.0,1.0,1.0,1.0,0.0,1,drivable_only
50221,7d5c28b2ee7551a3,True,1.0,0.0,0.0,1.0,1.0,1.0,0.0,1,drivable_only
50464,7dfeded34fc0505d,True,0.0,1.0,0.0,0.0,1.0,1.0,0.0,1,collision_only
50534,7e342adeab875684,True,1.0,0.0,0.0,1.0,1.0,0.5,0.0,1,drivable_only
50633,7e65ae5a6b6c5c2c,True,0.0,1.0,0.0,0.0,1.0,1.0,0.0,1,collision_only
50799,7ecc880a7111558d,True,1.0,0.0,0.0,0.0,1.0,1.0,0.0,1,drivable_only
50934,7f247ca53e565164,True,0.5,1.0,0.7797096848814881,0.0,1.0,1.0,0.2457728510169766,1,collision_only
51003,7f4f32f228265fe3,True,1.0,0.0,0.0,1.0,1.0,1.0,0.0,1,drivable_only
51038,7f6781518a4854d9,True,0.0,1.0,0.0,0.0,1.0,1.0,0.0,1,collision_only
51133,7fa5be12be025d39,True,1.0,0.0,0.0,1.0,1.0,0.0,0.0,1,drivable_only
51177,7fbc83ff19635b11,True,0.0,1.0,0.0,0.0,1.0,1.0,0.0,1,collision_only
51278,7ff7158f4c4c5843,True,1.0,0.0,0.0,1.0,1.0,1.0,0.0,1,drivable_only
51348,802044be7dae5e03,True,0.0,1.0,0.0,0.0,1.0,1.0,0.0,1,collision_only
51642,80d5ce364722516b,True,0.0,1.0,0.0,0.0,1.0,1.0,0.0,1,collision_only
51703,810082da5ddd5af6,True,0.5,1.0,0.4673916276489511,0.0,1.0,1.0,0.1807065890935314,2,collision_only
52171,8228e04dc8d357b4,True,1.0,0.0,0.0,1.0,1.0,1.0,0.0,2,drivable_only
52186,82318a073b0554f1,True,0.0,1.0,0.0,0.0,1.0,1.0,0.0,2,collision_only
52273,8265360d1b8d590c,True,1.0,0.0,0.0,1.0,1.0,1.0,0.0,2,drivable_only
52284,826bbc70c88557c3,True,0.0,1.0,0.0,0.0,1.0,1.0,0.0,2,collision_only
52285,826bd8058b1c5762,True,1.0,0.0,0.0,1.0,1.0,1.0,0.0,2,drivable_only
52299,8272d9c937f45c86,True,0.0,1.0,0.0,0.0,1.0,0.5,0.0,2,collision_only
52308,8276136dd834585b,True,1.0,0.0,0.0,1.0,1.0,1.0,0.0,2,drivable_only
52430,82c4c055ff6c5f31,True,1.0,0.0,0.0,1.0,1.0,1.0,0.0,2,drivable_only
52498,82f361c4a1085ec1,True,0.0,1.0,0.0,0.0,1.0,1.0,0.0,2,collision_only
52583,833210a9e3b1502e,True,0.0,1.0,0.0,0.0,1.0,1.0,0.0,2,collision_only
52644,8356c0329ddd5cd4,True,1.0,0.0,0.0,1.0,1.0,1.0,0.0,2,drivable_only
52728,838943ce22415e14,True,0.0,1.0,0.0,0.0,1.0,1.0,0.0,2,collision_only
52730,838b47af6cf65809,True,0.0,1.0,0.0,0.0,1.0,1.0,0.0,2,collision_only
52869,83dd9dc76f7650bc,True,1.0,0.0,0.0,1.0,1.0,1.0,0.0,2,drivable_only
52899,83f287ce21eb5828,True,0.0,1.0,0.0,0.0,1.0,1.0,0.0,2,collision_only
53038,844c84041ab556ac,True,0.5,1.0,0.8059480588480515,0.0,1.0,1.0,0.2512391789266774,2,collision_only
53131,847d404274f45a31,True,1.0,0.0,0.0,1.0,1.0,1.0,0.0,2,drivable_only
53208,84ae0c4fe9e451cc,True,1.0,0.0,0.0,1.0,1.0,1.0,0.0,2,drivable_only
53254,84cdd3233280594f,True,1.0,0.0,0.0,1.0,1.0,1.0,0.0,2,drivable_only
53318,84f671572a17537c,True,1.0,0.0,0.0,1.0,1.0,1.0,0.0,2,drivable_only
53386,8524ac72eca758f7,True,0.0,1.0,0.0,0.0,1.0,1.0,0.0,2,collision_only
53439,8545c805f054510b,True,1.0,0.0,0.0,1.0,1.0,1.0,0.0,2,drivable_only
53595,85a62c96f5455f87,True,0.0,1.0,0.0,0.0,1.0,1.0,0.0,2,collision_only
53892,865f0bec893d551d,True,1.0,0.0,0.0,1.0,1.0,1.0,0.0,2,drivable_only
53987,8697be5bc09d50b3,True,0.0,1.0,0.0,0.0,1.0,0.5,0.0,2,collision_only
54405,878fe7329c2c5250,True,0.0,1.0,0.0,0.0,1.0,1.0,0.0,2,collision_only
54418,879afd848619539d,True,1.0,0.0,0.0,1.0,1.0,0.0,0.0,2,drivable_only
54517,87d713dbf3ec53c4,True,1.0,0.0,0.0,1.0,1.0,1.0,0.0,2,drivable_only
54961,88ebd59062ff5754,True,0.0,1.0,0.0,0.0,1.0,1.0,0.0,2,collision_only
54984,88fd80caa7f0533b,True,1.0,0.0,0.0,1.0,1.0,1.0,0.0,2,drivable_only
54985,88fdb5be8e145953,True,0.0,1.0,0.0,0.0,1.0,1.0,0.0,2,collision_only
55048,89215d3ca8015f87,True,1.0,0.0,0.0,1.0,1.0,1.0,0.0,2,drivable_only
55146,895c9270aab15bbd,True,1.0,0.0,0.0,1.0,1.0,1.0,0.0,2,drivable_only
55165,896b8483371653ba,True,1.0,0.0,0.0,1.0,1.0,0.5,0.0,2,drivable_only
55188,897e46c25dfd52c8,True,0.0,1.0,0.0,0.0,1.0,1.0,0.0,2,collision_only
55303,89c74e9b51e95c90,True,1.0,0.0,0.0,1.0,1.0,1.0,0.0,2,drivable_only
55344,89e0f9f7247c5a61,True,0.0,1.0,0.0,0.0,1.0,1.0,0.0,2,collision_only
55393,8a0474e5797056fb,True,1.0,0.0,0.0,1.0,1.0,1.0,0.0,2,drivable_only
55471,8a3ae277ec7f5d8e,True,1.0,0.0,0.0,0.0,1.0,0.0,0.0,2,drivable_only
55628,8a9431738b795f1c,True,0.5,1.0,0.5117116856233306,0.0,1.0,1.0,0.1899399345048605,2,collision_only
55752,8ae33734d4455d71,True,0.0,1.0,0.0,0.0,1.0,1.0,0.0,2,collision_only
55800,8b0076d10aa55f2b,True,1.0,0.0,0.0,0.0,1.0,1.0,0.0,2,drivable_only
56089,8bc34517e08758ff,True,1.0,0.0,0.0,1.0,1.0,1.0,0.0,2,drivable_only
56287,8c4642e7ae04578f,True,0.5,0.0,0.0,0.0,1.0,1.0,0.0,2,both
56377,8c80e1c1eb765ed1,True,1.0,0.0,0.0,1.0,1.0,1.0,0.0,2,drivable_only
56420,8c9ad9af1f1054e9,True,0.0,1.0,0.0,0.0,1.0,1.0,0.0,2,collision_only
56447,8ca8c886ed215d4f,True,1.0,0.0,0.0,1.0,1.0,1.0,0.0,2,drivable_only
56463,8cb54094b64e578a,True,0.0,1.0,0.0,0.0,1.0,1.0,0.0,2,collision_only
56515,8cd823b194205026,True,0.0,1.0,0.0,0.0,1.0,1.0,0.0,2,collision_only
56552,8cf0964be67c55d2,True,0.0,1.0,0.0,0.0,1.0,1.0,0.0,2,collision_only
56631,8d24de92379f5354,True,0.0,1.0,0.0,0.0,1.0,1.0,0.0,2,collision_only
56960,8dfe5648226b5212,True,0.0,1.0,0.0,0.0,1.0,1.0,0.0,2,collision_only
57011,8e22c4f6ebb95ec9,True,1.0,0.0,0.0,1.0,1.0,1.0,0.0,2,drivable_only
57035,8e2fd252b25b5d76,True,1.0,0.0,0.0,1.0,1.0,1.0,0.0,2,drivable_only
57046,8e3b63e0d6b65bf1,True,1.0,0.0,0.0,1.0,1.0,0.5,0.0,2,drivable_only
57168,8e84fb96c95350de,True,1.0,0.0,0.0,1.0,1.0,1.0,0.0,2,drivable_only
57201,8e9a6b59415a59db,True,0.0,1.0,0.0,0.0,1.0,0.5,0.0,2,collision_only
57497,8f64f90706655f53,True,0.0,1.0,0.0,0.0,1.0,1.0,0.0,2,collision_only
57503,8f688abc1d325f46,True,1.0,0.0,0.0,1.0,1.0,0.0,0.0,2,drivable_only
57786,9016d7338dd65cf7,True,1.0,0.0,0.0,1.0,1.0,1.0,0.0,2,drivable_only
57862,90418bfc7bd35c5b,True,0.5,1.0,0.4805115363530018,0.0,1.0,1.0,0.1834399034068753,2,collision_only
58011,90aa5101db7f517f,True,0.0,1.0,0.0,0.0,1.0,1.0,0.0,2,collision_only
58037,90be08846e565515,True,1.0,0.0,0.0,1.0,1.0,1.0,0.0,2,drivable_only
58063,90cb233b959450e6,True,1.0,0.0,0.0,1.0,1.0,1.0,0.0,2,drivable_only
58113,90ed1f025c625cc5,True,1.0,0.0,0.0,1.0,1.0,1.0,0.0,2,drivable_only
58262,9155264a9a8e5469,True,1.0,0.0,0.0,1.0,1.0,1.0,0.0,2,drivable_only
58418,91b2bb2cf69d5518,True,1.0,0.0,0.0,1.0,1.0,1.0,0.0,2,drivable_only
58763,928d41db0b3d52e4,True,1.0,0.0,0.0,1.0,1.0,1.0,0.0,2,drivable_only
58783,929c65cfdd615e87,True,0.0,1.0,0.0,0.0,1.0,1.0,0.0,2,collision_only
58977,931d9069472d5a6b,True,0.0,1.0,0.0,0.0,1.0,1.0,0.0,2,collision_only
59035,9340799ac5be5bf3,True,1.0,0.0,0.0,1.0,1.0,1.0,0.0,2,drivable_only
59039,9342791920d9528f,True,1.0,0.0,0.0,1.0,1.0,1.0,0.0,2,drivable_only
59070,935628750eb851fa,True,1.0,0.0,0.0,1.0,1.0,1.0,0.0,2,drivable_only
59389,94215378168859e5,True,1.0,0.0,0.0,1.0,1.0,0.0,0.0,2,drivable_only
59399,942a226a87ce5523,True,1.0,0.0,0.0,1.0,1.0,1.0,0.0,2,drivable_only
59402,942c4bce3b835f4e,True,0.5,1.0,1.0,0.0,1.0,1.0,0.2916666666666667,2,collision_only
59430,944208ea4af65420,True,0.0,1.0,0.0,0.0,1.0,1.0,0.0,2,collision_only
59473,945d00955dc35468,True,0.5,0.0,0.0,0.0,1.0,1.0,0.0,2,both
59535,94854c04f8645ebf,True,1.0,0.0,0.0,1.0,1.0,1.0,0.0,2,drivable_only
59562,9490abfd043c55e4,True,0.5,1.0,1.0,0.0,1.0,1.0,0.2916666666666667,2,collision_only
59602,94b00c24f4bc5d84,True,0.5,1.0,0.4024879605722279,0.0,1.0,1.0,0.1671849917858808,2,collision_only
59741,9508ded2401957b5,True,1.0,0.0,0.0,1.0,1.0,1.0,0.0,2,drivable_only
59827,9545adf0b4425820,True,0.0,1.0,0.0,0.0,1.0,1.0,0.0,2,collision_only
59882,9565e3adc82b5d29,True,1.0,0.0,0.0,1.0,1.0,1.0,0.0,2,drivable_only
59892,956a3f9e2a1d527b,True,0.0,1.0,0.0,0.0,1.0,1.0,0.0,2,collision_only
59896,956c71c5c26b5b1d,True,1.0,0.0,0.0,0.0,1.0,1.0,0.0,2,drivable_only
60148,960c80eeeb1854c1,True,1.0,0.0,0.0,1.0,1.0,1.0,0.0,2,drivable_only
60500,96ff105997255ae6,True,1.0,0.0,0.0,1.0,1.0,1.0,0.0,2,drivable_only
60520,970b8adc976f5154,True,1.0,0.0,0.0,1.0,1.0,1.0,0.0,2,drivable_only
60535,97123b609f4956d7,True,1.0,0.0,0.0,0.0,1.0,1.0,0.0,2,drivable_only
60588,97328a9eac185088,True,0.0,1.0,0.0,0.0,1.0,1.0,0.0,2,collision_only
60724,97901c177ebf5ede,True,1.0,0.0,0.0,1.0,1.0,0.5,0.0,2,drivable_only
60737,979889238ce55351,True,1.0,0.0,0.0,0.0,1.0,1.0,0.0,2,drivable_only
60817,97c7251cd51f5c8a,True,1.0,0.0,0.0,1.0,1.0,1.0,0.0,2,drivable_only
61089,98798c3dbcc55f93,True,0.5,1.0,1.0,0.0,1.0,1.0,0.2916666666666667,2,collision_only
61156,989e14314ec0554d,True,0.5,1.0,1.0,0.0,1.0,1.0,0.2916666666666667,2,collision_only
61217,98bfd713ade65148,True,0.0,1.0,0.0,0.0,1.0,1.0,0.0,2,collision_only
61371,992641d426ba5dc3,True,1.0,0.0,0.0,1.0,1.0,1.0,0.0,2,drivable_only
61387,992fcb7ec7cf5ad6,True,1.0,0.0,0.0,1.0,1.0,1.0,0.0,2,drivable_only
61390,993354a74009516d,True,1.0,0.0,0.0,1.0,1.0,1.0,0.0,2,drivable_only
61395,9937d033367252bb,True,1.0,0.0,0.0,1.0,1.0,1.0,0.0,2,drivable_only
61447,995a29d807595ea4,True,1.0,0.0,0.0,1.0,1.0,1.0,0.0,2,drivable_only
61535,99845ced0ac9597d,True,1.0,0.0,0.0,1.0,1.0,1.0,0.0,2,drivable_only
61682,99e69d6b9064552f,True,0.0,1.0,0.0,0.0,1.0,1.0,0.0,2,collision_only
61706,99f01d45fe30537c,True,1.0,0.0,0.0,1.0,1.0,1.0,0.0,2,drivable_only
61712,99f2f728eb3e513c,True,1.0,0.0,0.0,1.0,1.0,1.0,0.0,2,drivable_only
62039,9ad44aac15ed5e20,True,0.0,1.0,0.0,0.0,1.0,1.0,0.0,2,collision_only
62076,9af0f5ed9f135a12,True,1.0,0.0,0.0,1.0,1.0,1.0,0.0,2,drivable_only
62215,9b4d8c62f5ff5191,True,0.0,1.0,0.0,0.0,1.0,1.0,0.0,2,collision_only
62216,9b4e069994115aad,True,0.0,1.0,0.0,0.0,1.0,1.0,0.0,2,collision_only
62238,9b596f89d36b5699,True,0.0,1.0,0.0,0.0,1.0,1.0,0.0,2,collision_only
62336,9b9cee521ff25ca1,True,0.5,1.0,1.0,0.0,1.0,1.0,0.2916666666666667,2,collision_only
62366,9baf50f9e6075314,True,1.0,0.0,0.0,1.0,1.0,1.0,0.0,2,drivable_only
62456,9bde92aca0fb5f08,True,1.0,0.0,0.0,1.0,1.0,1.0,0.0,2,drivable_only
62475,9be8096d32db5507,True,1.0,0.0,0.0,1.0,1.0,1.0,0.0,2,drivable_only
62502,9bf9198580da53fd,True,0.0,1.0,0.0,0.0,1.0,0.5,0.0,2,collision_only
62662,9c67e6c8842a53e2,True,1.0,0.0,0.0,1.0,1.0,0.0,0.0,2,drivable_only
62717,9c8b04abbca4538c,True,0.0,1.0,0.0,0.0,1.0,1.0,0.0,2,collision_only
62945,9d256c861ff35812,True,1.0,0.0,0.0,1.0,1.0,1.0,0.0,2,drivable_only
63071,9d79764aa0515374,True,1.0,0.0,0.0,1.0,1.0,1.0,0.0,2,drivable_only
63075,9d7b0cf36d12568e,True,1.0,0.0,0.0,1.0,1.0,0.5,0.0,2,drivable_only
63375,9e3bb9cb47575c06,True,0.0,1.0,0.0,0.0,1.0,1.0,0.0,2,collision_only
63478,9e73c8ef62515bde,True,1.0,0.0,0.0,1.0,1.0,0.5,0.0,2,drivable_only
63496,9e7acfb214dd58eb,True,0.0,1.0,0.0,0.0,1.0,1.0,0.0,2,collision_only
63545,9e97fea974a15558,True,0.0,1.0,0.0,0.0,1.0,1.0,0.0,2,collision_only
63585,9eae5a2e43535977,True,0.5,0.0,0.0,0.0,1.0,1.0,0.0,2,both
63857,9f58bf2b54c45030,True,1.0,0.0,0.0,1.0,1.0,0.5,0.0,2,drivable_only
63981,9fa674af2997563a,True,0.0,1.0,0.0,0.0,1.0,1.0,0.0,2,collision_only
64006,9fb89da8140a5674,True,1.0,0.0,0.0,1.0,1.0,1.0,0.0,2,drivable_only
64065,9fe22d48194b583b,True,0.0,1.0,0.0,0.0,1.0,1.0,0.0,2,collision_only
64164,a0246fa68a915fef,True,1.0,0.0,0.0,1.0,1.0,0.5,0.0,2,drivable_only
64230,a0519fc105a75d4a,True,1.0,0.0,0.0,0.0,1.0,1.0,0.0,2,drivable_only
64275,a0725663b99a59e6,True,0.0,1.0,0.0,0.0,1.0,1.0,0.0,2,collision_only
64295,a083da53cfd65cde,True,0.0,1.0,0.0,0.0,1.0,1.0,0.0,2,collision_only
64459,a0ef149f9390542e,True,1.0,0.0,0.0,1.0,1.0,1.0,0.0,2,drivable_only
64546,a12793183f155976,True,0.0,1.0,0.0,0.0,1.0,1.0,0.0,2,collision_only
64561,a131d17411da5cb9,True,1.0,0.0,0.0,0.0,1.0,0.5,0.0,2,drivable_only
64672,a17b55560d22530f,True,1.0,0.0,0.0,1.0,1.0,1.0,0.0,2,drivable_only
64766,a1b3fc9e49075de2,True,1.0,0.0,0.0,1.0,1.0,1.0,0.0,2,drivable_only
64995,a23adabc3e5457a5,True,0.0,1.0,0.0,0.0,1.0,1.0,0.0,2,collision_only
65142,a29acce6bed75bc7,True,0.5,1.0,0.447594894173798,0.0,1.0,1.0,0.1765822696195412,2,collision_only
65188,a2b28a01c34b5e99,True,1.0,0.0,0.0,1.0,1.0,1.0,0.0,2,drivable_only
65198,a2b5bd9511f25cd2,True,1.0,0.0,0.0,1.0,1.0,1.0,0.0,2,drivable_only
65199,a2b620a4eb52585b,True,1.0,0.0,0.0,1.0,1.0,1.0,0.0,2,drivable_only
65219,a2c36e4aab7a52d6,True,1.0,0.0,0.0,1.0,1.0,0.5,0.0,2,drivable_only
65362,a327f9abda055d72,True,1.0,0.0,0.0,1.0,1.0,1.0,0.0,2,drivable_only
65365,a3298b678d225d61,True,1.0,0.0,0.0,1.0,1.0,1.0,0.0,2,drivable_only
65389,a3358e470c725baf,True,0.0,0.0,0.0,0.0,1.0,1.0,0.0,2,both
65413,a3446e4478d05823,True,0.0,1.0,0.0,0.0,1.0,1.0,0.0,2,collision_only
65457,a363e2cb655450eb,True,1.0,0.0,0.0,1.0,1.0,1.0,0.0,2,drivable_only
65467,a368b7acfb9b57b3,True,1.0,0.0,0.0,1.0,1.0,0.0,0.0,2,drivable_only
65495,a37a2981d0fb5e74,True,0.5,1.0,0.5018257078014012,0.0,1.0,1.0,0.1878803557919586,2,collision_only
65500,a37da3fc788f5622,True,1.0,0.0,0.0,1.0,1.0,1.0,0.0,2,drivable_only
65596,a3c3ddbe145353b5,True,0.5,1.0,0.8092268926265658,0.0,1.0,1.0,0.2519222692972012,2,collision_only
65601,a3c96de3156a557a,True,1.0,0.0,0.0,1.0,1.0,1.0,0.0,2,drivable_only
65619,a3d86f3f609652b3,True,1.0,0.0,0.0,1.0,1.0,1.0,0.0,2,drivable_only
65663,a3f147cd86b05255,True,1.0,0.0,0.0,1.0,1.0,1.0,0.0,2,drivable_only
65867,a4725e12fd6953ea,True,0.0,1.0,0.0,0.0,1.0,1.0,0.0,2,collision_only
66007,a4c9861a043352df,True,1.0,0.0,0.0,1.0,1.0,0.0,0.0,2,drivable_only
66024,a4d1c68b4fd95162,True,0.0,1.0,0.0,0.0,1.0,1.0,0.0,2,collision_only
66212,a550cf3db65059c2,True,1.0,0.0,0.0,1.0,1.0,1.0,0.0,2,drivable_only
66235,a55cb57a18925a00,True,1.0,0.0,0.0,1.0,1.0,1.0,0.0,2,drivable_only
66440,a5cf5a88ef385d6d,True,1.0,0.0,0.0,0.0,1.0,1.0,0.0,2,drivable_only
66471,a5e429799b6753f5,True,0.5,0.0,0.0,0.0,1.0,1.0,0.0,2,both
66537,a60c86eb6ede5747,True,1.0,0.0,0.0,1.0,1.0,0.5,0.0,2,drivable_only
66556,a61619b0ce745a6d,True,1.0,0.0,0.0,1.0,1.0,1.0,0.0,2,drivable_only
66620,a63e058664a955ba,True,1.0,0.0,0.0,1.0,1.0,1.0,0.0,2,drivable_only
66648,a65228fbaba557fb,True,1.0,0.0,0.0,1.0,1.0,1.0,0.0,2,drivable_only
66656,a656d1e434a759a1,True,1.0,0.0,0.0,1.0,1.0,1.0,0.0,2,drivable_only
66687,a66a8f7922b1526b,True,0.5,1.0,0.7048571171094269,0.0,1.0,1.0,0.2301785660644639,2,collision_only
66695,a66e46b3e1575264,True,1.0,0.0,0.0,1.0,1.0,1.0,0.0,2,drivable_only
66736,a685d4f1ae8a5480,True,1.0,0.0,0.0,1.0,1.0,1.0,0.0,2,drivable_only
67091,a765771d8f295ecc,True,1.0,0.0,0.0,1.0,1.0,1.0,0.0,2,drivable_only
67117,a76f3693ca915abb,True,1.0,0.0,0.0,0.0,1.0,1.0,0.0,2,drivable_only
67165,a78537c906065c5d,True,0.5,1.0,0.4157769047871217,0.0,1.0,1.0,0.1699535218306503,2,collision_only
67204,a79e45c0a2bc5ce7,True,0.0,1.0,0.0,0.0,1.0,1.0,0.0,2,collision_only
67208,a7a176def65e593f,True,0.0,1.0,0.0,0.0,1.0,1.0,0.0,2,collision_only
67339,a7f8a3cb378951c9,True,0.0,1.0,0.0,0.0,1.0,1.0,0.0,2,collision_only
67509,a86e7f16bd64596a,True,0.0,1.0,0.0,0.0,1.0,1.0,0.0,2,collision_only
67553,a8873e8828435f9c,True,1.0,0.0,0.0,1.0,1.0,1.0,0.0,2,drivable_only
67703,a8de42d07c155977,True,1.0,0.0,0.0,1.0,1.0,0.5,0.0,2,drivable_only
67791,a919c526c7d75e85,True,1.0,0.0,0.0,1.0,1.0,1.0,0.0,2,drivable_only
67799,a91df54dacdf5230,True,0.0,1.0,0.0,0.0,1.0,1.0,0.0,2,collision_only
67840,a933b648549150d6,True,1.0,0.0,0.0,1.0,1.0,1.0,0.0,2,drivable_only
67861,a940982497955ef3,True,1.0,0.0,0.0,1.0,1.0,0.0,0.0,2,drivable_only
67902,a95c62be882e5b33,True,1.0,0.0,0.0,1.0,1.0,1.0,0.0,2,drivable_only
67924,a96cbf090ae3558c,True,0.0,1.0,0.0,0.0,1.0,1.0,0.0,2,collision_only
67944,a97a5068654e5470,True,0.0,1.0,0.0,0.0,1.0,1.0,0.0,2,collision_only
67947,a97cdbf5f9bc5bb7,True,0.0,1.0,0.0,0.0,1.0,1.0,0.0,2,collision_only
68077,a9c92146b53f5b2c,True,1.0,0.0,0.0,1.0,1.0,1.0,0.0,2,drivable_only
68280,aa47f60f3b1d5f0b,True,1.0,0.0,0.0,1.0,1.0,1.0,0.0,2,drivable_only
68291,aa4e6768cf0858e6,True,1.0,0.0,0.0,1.0,1.0,1.0,0.0,2,drivable_only
68405,aa96f52b95b155e7,True,0.0,1.0,0.0,0.0,1.0,1.0,0.0,2,collision_only
68603,ab0678f0341e5043,True,0.0,1.0,0.0,0.0,1.0,0.0,0.0,2,collision_only
68855,aba25bc110975425,True,1.0,0.0,0.0,0.0,1.0,1.0,0.0,2,drivable_only
68885,abb6993b07555f8f,True,1.0,0.0,0.0,1.0,1.0,1.0,0.0,2,drivable_only
69002,abfbbe951b8d55d3,True,1.0,0.0,0.0,1.0,1.0,1.0,0.0,2,drivable_only
69333,acddb31b1f0c5cbd,True,0.0,1.0,0.0,0.0,1.0,1.0,0.0,2,collision_only
69354,acec49ed64e8530a,True,0.0,1.0,0.0,0.0,1.0,1.0,0.0,2,collision_only
69366,acf41b0de13e55af,True,0.0,1.0,0.0,0.0,1.0,1.0,0.0,2,collision_only
69384,ad005e6ee893548a,True,1.0,0.0,0.0,1.0,1.0,1.0,0.0,2,drivable_only
69499,ad470e98bd83542d,True,0.0,1.0,0.0,0.0,1.0,1.0,0.0,2,collision_only
69622,ad9301a5ad0150da,True,1.0,0.0,0.0,1.0,1.0,1.0,0.0,2,drivable_only
69634,ad9d7bb50f665633,True,0.0,1.0,0.0,0.0,1.0,1.0,0.0,2,collision_only
69676,adb70ab30a2a54aa,True,1.0,0.0,0.0,1.0,1.0,1.0,0.0,2,drivable_only
69752,ade2d8b994665eff,True,0.0,1.0,0.0,0.0,1.0,1.0,0.0,2,collision_only
69759,ade775b8413358d6,True,0.0,1.0,0.0,0.0,1.0,0.5,0.0,2,collision_only
69823,ae110c7d163c54a6,True,1.0,0.0,0.0,1.0,1.0,0.5,0.0,2,drivable_only
69900,ae44bfee4b685f1c,True,0.5,1.0,0.5820953074575179,0.0,0.0,1.0,0.1212698557203162,2,collision_only
69910,ae48cc00e56d58ea,True,1.0,0.0,0.0,1.0,1.0,1.0,0.0,2,drivable_only
69992,ae7aec1b18255951,True,1.0,0.0,0.0,1.0,1.0,1.0,0.0,2,drivable_only
70022,ae8a8d91a0a651bd,True,1.0,0.0,0.0,1.0,1.0,1.0,0.0,2,drivable_only
70085,aeb2f34c58d85a97,True,1.0,0.0,0.0,1.0,1.0,1.0,0.0,2,drivable_only
70088,aeb54ecc09935177,True,1.0,0.0,0.0,1.0,1.0,1.0,0.0,2,drivable_only
70090,aeb8b623e5695e59,True,0.5,1.0,1.0,0.0,1.0,1.0,0.2916666666666667,2,collision_only
70155,aedc24e0532357f5,True,1.0,0.0,0.0,1.0,1.0,1.0,0.0,2,drivable_only
70205,aefda6e60f295c58,True,1.0,0.0,0.0,1.0,1.0,1.0,0.0,2,drivable_only
70302,af3d8115680c5981,True,0.0,1.0,0.0,0.0,1.0,1.0,0.0,2,collision_only
70328,af553f8d0b1454ba,True,1.0,0.0,0.0,1.0,1.0,1.0,0.0,2,drivable_only
70493,afbdabacfc36547b,True,0.0,1.0,0.0,0.0,1.0,1.0,0.0,2,collision_only
70610,b002bd926c935c43,True,1.0,0.0,0.0,0.0,1.0,0.0,0.0,2,drivable_only
70646,b01e64a5ff155c5a,True,0.0,1.0,0.0,0.0,1.0,1.0,0.0,2,collision_only
70673,b02cfc4684ed58a1,True,0.0,1.0,0.0,0.0,1.0,1.0,0.0,2,collision_only
70864,b0a7cf99da43564d,True,0.0,1.0,0.0,0.0,1.0,1.0,0.0,2,collision_only
70895,b0b809aa26a259c0,True,1.0,0.0,0.0,1.0,1.0,1.0,0.0,2,drivable_only
70964,b0ebc0378ed558c4,True,1.0,0.0,0.0,0.0,1.0,1.0,0.0,2,drivable_only
71014,b10a183e8b7c53ac,True,1.0,0.0,0.0,1.0,1.0,1.0,0.0,2,drivable_only
71106,b14e3b590d415758,True,1.0,0.0,0.0,1.0,1.0,0.0,0.0,2,drivable_only
71114,b1537eef40bb58eb,True,1.0,0.0,0.0,1.0,1.0,1.0,0.0,2,drivable_only
71118,b154aa1883005a40,True,1.0,0.0,0.0,1.0,1.0,1.0,0.0,2,drivable_only
71291,b1c3d975e9aa5092,True,0.0,1.0,0.0,0.0,1.0,1.0,0.0,2,collision_only
71410,b20fe596482452f1,True,1.0,0.0,0.0,1.0,1.0,1.0,0.0,2,drivable_only
71526,b25879f15acf5442,True,1.0,0.0,0.0,1.0,1.0,1.0,0.0,2,drivable_only
71530,b25bde4ed9545d13,True,0.0,1.0,0.0,0.0,1.0,1.0,0.0,2,collision_only
71531,b25cfa1c48335c0f,True,0.0,1.0,0.0,0.0,1.0,1.0,0.0,2,collision_only
71544,b265109ffbc0570c,True,0.0,1.0,0.0,0.0,1.0,1.0,0.0,2,collision_only
71711,b2cf431bf86151dd,True,1.0,0.0,0.0,1.0,1.0,1.0,0.0,2,drivable_only
71729,b2d82ddcc1765164,True,0.0,1.0,0.0,0.0,1.0,1.0,0.0,2,collision_only
71731,b2da2be8e27e5338,True,1.0,0.0,0.0,1.0,1.0,1.0,0.0,2,drivable_only
71879,b336eaee018c5bc7,True,0.0,1.0,0.0,0.0,1.0,1.0,0.0,2,collision_only
71909,b345ee59be48506b,True,0.5,0.0,0.0,0.0,1.0,0.0,0.0,2,both
71994,b374a932fa5c5174,True,0.0,1.0,0.0,0.0,1.0,1.0,0.0,2,collision_only
72002,b37892fd85cd584a,True,0.0,1.0,0.0,0.0,1.0,1.0,0.0,2,collision_only
72252,b417028fd7a1578c,True,1.0,0.0,0.0,1.0,1.0,1.0,0.0,2,drivable_only
72521,b4a4afe5758e590f,True,0.0,1.0,0.0,0.0,1.0,1.0,0.0,2,collision_only
72543,b4aedd4aaa5956d7,True,1.0,0.0,0.0,1.0,1.0,1.0,0.0,2,drivable_only
72568,b4c0ea3d8eb358ce,True,1.0,0.0,0.0,0.0,1.0,0.5,0.0,2,drivable_only
72672,b51319623e6d5db1,True,1.0,0.0,0.0,1.0,1.0,1.0,0.0,2,drivable_only
72780,b55c4d0148d751cb,True,1.0,0.0,0.0,1.0,1.0,1.0,0.0,2,drivable_only
72931,b5b8c9d2c18d5dd0,True,1.0,0.0,0.0,1.0,1.0,1.0,0.0,2,drivable_only
72958,b5c6392f35ac5503,True,1.0,0.0,0.0,1.0,1.0,1.0,0.0,2,drivable_only
73131,b63f2a68d4825bfa,True,0.0,1.0,0.0,0.0,1.0,1.0,0.0,2,collision_only
73206,b671bff4f0885977,True,1.0,0.0,0.0,1.0,1.0,1.0,0.0,2,drivable_only
73346,b6cb760db3f05e3f,True,1.0,0.0,0.0,1.0,1.0,1.0,0.0,2,drivable_only
73348,b6ce1b2a9b8d5b93,True,0.0,1.0,0.0,0.0,1.0,1.0,0.0,2,collision_only
73369,b6dd6c45d5215c8b,True,1.0,0.0,0.0,1.0,1.0,1.0,0.0,2,drivable_only
73392,b6ea8e598c99539b,True,1.0,0.0,0.0,1.0,1.0,1.0,0.0,2,drivable_only
73655,b782eb0afa42511f,True,0.0,1.0,0.0,0.0,1.0,1.0,0.0,2,collision_only
73659,b7859b7b4c7a530e,True,1.0,0.0,0.0,1.0,1.0,1.0,0.0,2,drivable_only
73708,b7a22df3132c507d,True,1.0,0.0,0.0,1.0,1.0,1.0,0.0,2,drivable_only
73817,b7e320841c99526e,True,0.0,1.0,0.0,0.0,1.0,1.0,0.0,2,collision_only
73924,b834f9b0bfd95385,True,0.0,1.0,0.0,0.0,1.0,1.0,0.0,2,collision_only
74306,b91fa2c767c657c5,True,0.0,1.0,0.0,0.0,1.0,1.0,0.0,2,collision_only
74346,b93a6ba66acb5ba4,True,1.0,0.0,0.0,0.0,1.0,1.0,0.0,2,drivable_only
74355,b93fce12501d5e73,True,1.0,0.0,0.0,1.0,1.0,1.0,0.0,2,drivable_only
74397,b96037b731d6538d,True,0.0,1.0,0.0,0.0,1.0,1.0,0.0,2,collision_only
74443,b97a52c873c15938,True,1.0,0.0,0.0,1.0,1.0,0.5,0.0,2,drivable_only
74448,b97edc29f3ab5fae,True,0.5,1.0,1.0,0.0,1.0,1.0,0.2916666666666667,2,collision_only
74469,b98ae9745f255811,True,1.0,0.0,0.0,1.0,1.0,1.0,0.0,2,drivable_only
74517,b9a7ef425d475429,True,0.0,1.0,0.0,0.0,1.0,1.0,0.0,2,collision_only
74923,bab73ec1d5665f1b,True,0.5,1.0,0.9494463741661188,0.0,1.0,1.0,0.281134661284608,2,collision_only
75007,baeb055d98605c9f,True,0.0,1.0,0.0,0.0,1.0,1.0,0.0,2,collision_only
75233,bb83349272525237,True,1.0,0.0,0.0,0.0,1.0,1.0,0.0,2,drivable_only
75260,bb98146a9f1b5c5a,True,1.0,0.0,0.0,1.0,1.0,1.0,0.0,2,drivable_only
75325,bbc61a20e3635b7f,True,1.0,0.0,0.0,1.0,1.0,1.0,0.0,2,drivable_only
75347,bbd6243eaf885a34,True,0.0,1.0,0.0,0.0,1.0,1.0,0.0,2,collision_only
75483,bc2a9769aae351a5,True,0.0,1.0,0.0,0.0,1.0,1.0,0.0,2,collision_only
75560,bc526e57e51a5ea6,True,1.0,0.0,0.0,1.0,1.0,1.0,0.0,2,drivable_only
75653,bc8b1e06aca55794,True,0.0,1.0,0.0,0.0,1.0,1.0,0.0,2,collision_only
75835,bd013234955458f8,True,0.0,1.0,0.0,0.0,1.0,1.0,0.0,2,collision_only
75875,bd1a587276f3597f,True,1.0,0.0,0.0,1.0,1.0,1.0,0.0,2,drivable_only
75940,bd41611f25155d0b,True,0.0,1.0,0.0,0.0,1.0,1.0,0.0,2,collision_only
76214,bdf7ed6d34b8585f,True,1.0,0.0,0.0,1.0,1.0,0.5,0.0,2,drivable_only
76445,be8ff7dc8f18512c,True,1.0,0.0,0.0,1.0,1.0,1.0,0.0,2,drivable_only
76877,bf8d18d8422b5dc0,True,0.5,1.0,0.6560121515519712,0.0,1.0,1.0,0.2200025315733273,2,collision_only
77056,c0022a6661b15f52,True,1.0,0.0,0.0,1.0,1.0,1.0,0.0,2,drivable_only
77094,c018f32c5de959b3,True,1.0,0.0,0.0,1.0,1.0,1.0,0.0,2,drivable_only
77166,c045fcdaeca5525f,True,1.0,0.0,0.0,1.0,1.0,1.0,0.0,2,drivable_only
77208,c0671dca6d7e5c87,True,1.0,0.0,0.0,1.0,1.0,1.0,0.0,2,drivable_only
77227,c06fd5ffa62f537f,True,0.0,0.0,0.0,0.0,1.0,0.5,0.0,2,both
77246,c07b74469f425799,True,0.0,1.0,0.0,0.0,1.0,1.0,0.0,2,collision_only
77309,c0a1b812e095547d,True,1.0,0.0,0.0,1.0,1.0,1.0,0.0,2,drivable_only
77575,c1381fbccb87508c,True,1.0,0.0,0.0,1.0,1.0,1.0,0.0,3,drivable_only
77632,c157c3af259055ba,True,1.0,0.0,0.0,1.0,1.0,1.0,0.0,3,drivable_only
77772,c1aeaad0dcc75638,True,1.0,0.0,0.0,1.0,1.0,0.0,0.0,3,drivable_only
77848,c1e2c012e7f95874,True,1.0,0.0,0.0,1.0,1.0,0.5,0.0,3,drivable_only
77894,c1fe614e98555438,True,1.0,0.0,0.0,1.0,1.0,1.0,0.0,3,drivable_only
78119,c283627f1e285f10,True,1.0,0.0,0.0,1.0,1.0,1.0,0.0,3,drivable_only
78165,c2a500fd93ca52c0,True,1.0,0.0,0.0,1.0,1.0,1.0,0.0,3,drivable_only
78180,c2ad35e2a504561a,True,0.0,1.0,0.0,0.0,1.0,1.0,0.0,3,collision_only
78215,c2be8ca7c7745ccb,True,1.0,0.0,0.0,1.0,1.0,1.0,0.0,3,drivable_only
78302,c2f07eecb3b95c01,True,1.0,0.0,0.0,1.0,1.0,1.0,0.0,3,drivable_only
78394,c32c66c77cf05abb,True,1.0,0.0,0.0,1.0,1.0,0.5,0.0,3,drivable_only
78401,c32f105ff2ec5c23,True,1.0,0.0,0.0,1.0,1.0,1.0,0.0,3,drivable_only
78780,c408a323473f50d5,True,0.0,1.0,0.0,0.0,1.0,1.0,0.0,3,collision_only
78815,c4220658d3095647,True,0.5,1.0,0.4215591833748671,0.0,1.0,1.0,0.1711581632030973,3,collision_only
79164,c4f8bd7c17095093,True,1.0,0.0,0.0,1.0,1.0,1.0,0.0,3,drivable_only
79170,c4fbd9ac7ee85025,True,0.5,0.0,0.0,0.0,1.0,0.5,0.0,3,both
79220,c51a58bac81d55b9,True,0.0,1.0,0.0,0.0,1.0,1.0,0.0,3,collision_only
79235,c522acb2189f56e5,True,1.0,0.0,0.0,1.0,1.0,1.0,0.0,3,drivable_only
79294,c54c445958385cdb,True,0.0,1.0,0.0,0.0,1.0,1.0,0.0,3,collision_only
79554,c5eb431ca57659dc,True,0.0,1.0,0.0,0.0,1.0,1.0,0.0,3,collision_only
79658,c62eb981570d5283,True,0.0,1.0,0.0,0.0,1.0,1.0,0.0,3,collision_only
79690,c640fb160abe5235,True,1.0,0.0,0.0,1.0,1.0,0.0,0.0,3,drivable_only
79822,c69ac6e711cb5946,True,0.5,1.0,0.5156549258291663,0.0,1.0,0.5,0.1907614428810763,3,collision_only
79871,c6b3ca98f1cf5509,True,0.0,1.0,0.0,0.0,1.0,0.0,0.0,3,collision_only
79939,c6e19696876c5796,True,1.0,0.0,0.0,1.0,1.0,1.0,0.0,3,drivable_only
80022,c71e61050c765b71,True,1.0,0.0,0.0,1.0,1.0,1.0,0.0,3,drivable_only
80035,c7295e1f49965f37,True,1.0,0.0,0.0,1.0,1.0,0.0,0.0,3,drivable_only
80314,c7d459671d6a566f,True,0.5,1.0,1.0,0.0,1.0,1.0,0.2916666666666667,3,collision_only
80480,c839df573acb5c23,True,0.5,1.0,0.6438589113123814,0.0,1.0,1.0,0.2174706065234128,3,collision_only
80699,c8c44f53498e53b6,True,0.0,1.0,0.0,0.0,1.0,1.0,0.0,3,collision_only
80810,c911e7da23715017,True,0.0,1.0,0.0,0.0,1.0,1.0,0.0,3,collision_only
80833,c91da44af7cb5c14,True,0.0,1.0,0.0,0.0,1.0,1.0,0.0,3,collision_only
80988,c9882f1001f652be,True,1.0,0.0,0.0,1.0,1.0,1.0,0.0,3,drivable_only
81230,ca191ddec61e5d38,True,0.0,1.0,0.0,0.0,1.0,1.0,0.0,3,collision_only
81234,ca1bf120ab8d5259,True,1.0,0.0,0.0,1.0,1.0,1.0,0.0,3,drivable_only
81245,ca239aca3d1b5f6d,True,1.0,0.0,0.0,1.0,1.0,1.0,0.0,3,drivable_only
81328,ca59965071a55942,True,1.0,0.0,0.0,1.0,1.0,1.0,0.0,3,drivable_only
81341,ca627a01228a51ce,True,1.0,0.0,0.0,1.0,1.0,1.0,0.0,3,drivable_only
81420,ca901d55eac15a4e,True,1.0,0.0,0.0,1.0,1.0,0.0,0.0,3,drivable_only
81432,ca956410f2ea5463,True,0.0,1.0,0.0,0.0,1.0,1.0,0.0,3,collision_only
81510,cac8e5bf28925e67,True,0.5,1.0,0.3508975027982243,0.0,1.0,1.0,0.15643697974963,3,collision_only
81582,caf6225e2a0e5276,True,0.0,1.0,0.0,0.0,1.0,1.0,0.0,3,collision_only
81611,cb0a6569ac425157,True,0.5,1.0,1.0,0.0,1.0,1.0,0.2916666666666667,3,collision_only
81913,cbcd84d1407658c6,True,0.0,1.0,0.0,0.0,1.0,1.0,0.0,3,collision_only
81974,cbf10d8f7d5f56ab,True,0.0,1.0,0.0,0.0,1.0,1.0,0.0,3,collision_only
81978,cbf32a1f47d25c1f,True,1.0,0.0,0.0,1.0,1.0,1.0,0.0,3,drivable_only
82152,cc5968f8dde550c9,True,1.0,0.0,0.0,1.0,1.0,0.5,0.0,3,drivable_only
82164,cc66a3b671d650ff,True,1.0,0.0,0.0,1.0,1.0,1.0,0.0,3,drivable_only
82190,cc7b06bf66bf5694,True,0.0,1.0,0.0,0.0,1.0,1.0,0.0,3,collision_only
82217,cc8f2a0c920750ad,True,1.0,0.0,0.0,1.0,1.0,1.0,0.0,3,drivable_only
82228,cc9688589a6b58c4,True,0.0,1.0,0.0,0.0,1.0,1.0,0.0,3,collision_only
82275,ccb368a3fb72584d,True,0.0,1.0,0.0,0.0,1.0,1.0,0.0,3,collision_only
82279,ccb5b947cf86559b,True,1.0,0.0,0.0,1.0,1.0,1.0,0.0,3,drivable_only
82390,ccfaab31bbf55c05,True,0.0,1.0,0.0,0.0,1.0,1.0,0.0,3,collision_only
82468,cd2d260bbb0550d6,True,1.0,0.0,0.0,0.0,1.0,1.0,0.0,3,drivable_only
82567,cd6dd5bc14d75fd1,True,1.0,0.0,0.0,1.0,1.0,1.0,0.0,3,drivable_only
82643,cda3ff45ee3959b3,True,0.0,1.0,0.0,0.0,1.0,1.0,0.0,3,collision_only
82741,cdd726eff12c5ab4,True,1.0,0.0,0.0,1.0,1.0,0.0,0.0,3,drivable_only
82792,cdf48555b6dd5f0d,True,0.0,1.0,0.0,0.0,1.0,1.0,0.0,3,collision_only
82820,ce0250aa205950d7,True,0.0,1.0,0.0,0.0,1.0,1.0,0.0,3,collision_only
82952,ce5c18417a3f5725,True,0.0,1.0,0.0,1.0,1.0,1.0,0.0,3,collision_only
82954,ce5e075e4a6f594b,True,1.0,0.0,0.0,1.0,1.0,1.0,0.0,3,drivable_only
82967,ce672357be79534b,True,1.0,0.0,0.0,1.0,1.0,1.0,0.0,3,drivable_only
82991,ce77b43cf371541d,True,0.0,1.0,0.0,0.0,1.0,1.0,0.0,3,collision_only
83075,cea8340abdbd520e,True,1.0,0.0,0.0,0.0,1.0,0.0,0.0,3,drivable_only
83384,cf6fd10208b65acb,True,1.0,0.0,0.0,1.0,1.0,1.0,0.0,3,drivable_only
83859,d0b1b9a4c3e55685,True,0.0,1.0,0.0,0.0,1.0,1.0,0.0,3,collision_only
83862,d0b37409c1a55f42,True,0.0,1.0,0.0,0.0,1.0,1.0,0.0,3,collision_only
83904,d0d181aa75de559c,True,0.0,1.0,0.0,0.0,1.0,1.0,0.0,3,collision_only
83964,d0f84fd8cbf15293,True,1.0,0.0,0.0,1.0,1.0,1.0,0.0,3,drivable_only
83980,d1044b86a00556b3,True,0.0,1.0,0.0,0.0,1.0,1.0,0.0,3,collision_only
83983,d104a393e6e5528d,True,1.0,0.0,0.0,1.0,1.0,1.0,0.0,3,drivable_only
84466,d229e39ba3485fc7,True,1.0,0.0,0.0,1.0,1.0,1.0,0.0,3,drivable_only
84537,d256247bfcbb51af,True,0.0,1.0,0.0,0.0,1.0,1.0,0.0,3,collision_only
84588,d27395410c505d9a,True,0.5,1.0,0.4139352268046526,0.0,1.0,1.0,0.1695698389176359,3,collision_only
84637,d298969eebae5a29,True,1.0,0.0,0.0,1.0,1.0,1.0,0.0,3,drivable_only
84642,d29d5cbcbc3c57ae,True,1.0,0.0,0.0,1.0,1.0,0.5,0.0,3,drivable_only
84782,d2f112fd1ff856e6,True,1.0,0.0,0.0,1.0,1.0,1.0,0.0,3,drivable_only
84811,d3045b26f4495917,True,1.0,0.0,0.0,1.0,1.0,0.0,0.0,3,drivable_only
84835,d31adcea9f8d51af,True,1.0,0.0,0.0,1.0,1.0,1.0,0.0,3,drivable_only
84953,d36e1b7ed8a650c3,True,0.0,1.0,0.0,0.0,1.0,1.0,0.0,3,collision_only
84969,d3746775a1e45d2a,True,1.0,0.0,0.0,1.0,1.0,1.0,0.0,3,drivable_only
85037,d3999b5b15a357db,True,0.0,1.0,0.0,0.0,1.0,1.0,0.0,3,collision_only
85176,d3fa2fdbf7685c9e,True,0.5,1.0,0.51793349086181,0.0,1.0,1.0,0.1912361439295437,3,collision_only
85221,d40aed5d168c5837,True,0.5,1.0,0.5013829330350595,0.0,1.0,1.0,0.1877881110489707,3,collision_only
85434,d4952c7109ef5769,True,1.0,0.0,0.0,1.0,1.0,1.0,0.0,3,drivable_only
85829,d574323563075cf5,True,0.0,1.0,0.0,0.0,1.0,1.0,0.0,3,collision_only
85864,d590c141abfc5079,True,0.0,1.0,0.0,0.0,1.0,1.0,0.0,3,collision_only
85983,d5d5c4c16f6d50a2,True,0.0,1.0,0.0,0.0,1.0,1.0,0.0,3,collision_only
85988,d5d9c94451bd5e44,True,1.0,0.0,0.0,1.0,1.0,1.0,0.0,3,drivable_only
86008,d5e30282b3cc5326,True,1.0,0.0,0.0,1.0,1.0,1.0,0.0,3,drivable_only
86073,d6090ad6588b55d9,True,1.0,0.0,0.0,1.0,1.0,1.0,0.0,3,drivable_only
86187,d659e6b29ee65ab7,True,1.0,0.0,0.0,1.0,1.0,1.0,0.0,3,drivable_only
86204,d665271c585b5872,True,1.0,0.0,0.0,1.0,1.0,1.0,0.0,3,drivable_only
86242,d67dffd90cdf5681,True,1.0,0.0,0.0,1.0,1.0,1.0,0.0,3,drivable_only
86313,d6a9185f68d95c95,True,0.0,1.0,0.0,0.0,1.0,1.0,0.0,3,collision_only
86376,d6d6df205b865439,True,1.0,0.0,0.0,1.0,1.0,1.0,0.0,3,drivable_only
86422,d6ecca1b6bc25633,True,0.0,1.0,0.0,0.0,1.0,1.0,0.0,3,collision_only
86429,d6f1618c9df754e1,True,1.0,0.0,0.0,0.0,1.0,1.0,0.0,3,drivable_only
86547,d73a3c990710546b,True,0.5,0.0,0.0,0.0,1.0,0.0,0.0,3,both
86741,d7b4825ab8875a05,True,0.0,1.0,0.0,0.0,1.0,1.0,0.0,3,collision_only
86764,d7c09739d8ef548d,True,0.0,1.0,0.0,0.0,1.0,1.0,0.0,3,collision_only
86778,d7cc64b784a95378,True,0.0,1.0,0.0,0.0,1.0,1.0,0.0,3,collision_only
86779,d7cc80c2b247522c,True,0.0,1.0,0.0,0.0,1.0,1.0,0.0,3,collision_only
86790,d7d3278cb95b53dd,True,0.0,1.0,0.0,0.0,1.0,1.0,0.0,3,collision_only
86812,d7e3d874736858db,True,1.0,0.0,0.0,1.0,1.0,1.0,0.0,3,drivable_only
86961,d842b0bddf335eb0,True,1.0,0.0,0.0,1.0,1.0,1.0,0.0,3,drivable_only
87014,d867d3893cf05dc3,True,0.0,1.0,0.0,0.0,1.0,1.0,0.0,3,collision_only
87130,d8b5107ffc9855ee,True,0.0,1.0,0.0,0.0,1.0,1.0,0.0,3,collision_only
87217,d8ea816b0cba507d,True,1.0,0.0,0.0,1.0,1.0,1.0,0.0,3,drivable_only
87259,d900ccd055e35a02,True,1.0,0.0,0.0,1.0,1.0,1.0,0.0,3,drivable_only
87331,d92e99a12ff95026,True,1.0,0.0,0.0,1.0,1.0,1.0,0.0,3,drivable_only
87373,d94da4ec13775d4d,True,1.0,0.0,0.0,1.0,1.0,1.0,0.0,3,drivable_only
87443,d976b2a3db2854c6,True,0.5,1.0,1.0,0.0,1.0,1.0,0.2916666666666667,3,collision_only
87489,d9939a63f1975568,True,1.0,0.0,0.0,1.0,1.0,1.0,0.0,3,drivable_only
87548,d9b3aa8129425fb2,True,0.0,1.0,0.0,0.0,1.0,0.0,0.0,3,collision_only
87731,da301b79e44a554f,True,1.0,0.0,0.0,1.0,1.0,1.0,0.0,3,drivable_only
88191,db43dcfbaa7d5d28,True,1.0,0.0,0.0,1.0,1.0,1.0,0.0,3,drivable_only
88327,db9cfb799b93585c,True,0.0,1.0,0.0,0.0,1.0,1.0,0.0,3,collision_only
88335,dba090be25ce5c91,True,1.0,0.0,0.0,1.0,1.0,1.0,0.0,3,drivable_only
88402,dbcfd061dd985589,True,1.0,0.0,0.0,1.0,1.0,1.0,0.0,3,drivable_only
88413,dbd7d44013fa5a49,True,1.0,0.0,0.0,1.0,1.0,1.0,0.0,3,drivable_only
88628,dc5adf1f1c2e5567,True,1.0,0.0,0.0,1.0,1.0,1.0,0.0,3,drivable_only
88630,dc5d48591a565e58,True,1.0,0.0,0.0,1.0,1.0,1.0,0.0,3,drivable_only
88750,dcb400c4ee43560b,True,1.0,0.0,0.0,1.0,1.0,1.0,0.0,3,drivable_only
88862,dceb82cb01ec56a6,True,1.0,0.0,0.0,1.0,1.0,1.0,0.0,3,drivable_only
88943,dd21dee9f84d57e3,True,1.0,0.0,0.0,1.0,1.0,1.0,0.0,3,drivable_only
89192,ddc0e384381a5cee,True,1.0,0.0,0.0,1.0,1.0,1.0,0.0,3,drivable_only
89238,ddd91febdcae500b,True,1.0,0.0,0.0,1.0,1.0,1.0,0.0,3,drivable_only
89449,de5a3393795050bb,True,1.0,0.0,0.0,1.0,1.0,1.0,0.0,3,drivable_only
89506,de83955f85ca5f04,True,0.0,1.0,0.0,0.0,1.0,1.0,0.0,3,collision_only
89578,dea69276c9565119,True,1.0,0.0,0.0,1.0,1.0,1.0,0.0,3,drivable_only
89619,debf4393c528538b,True,0.0,1.0,0.0,0.0,1.0,1.0,0.0,3,collision_only
89628,dec50f0a17e3513d,True,1.0,0.0,0.0,1.0,1.0,0.0,0.0,3,drivable_only
89709,df0246175095564c,True,1.0,0.0,0.0,1.0,1.0,1.0,0.0,3,drivable_only
89763,df2269ecf465530a,True,1.0,0.0,0.0,1.0,1.0,1.0,0.0,3,drivable_only
89831,df4ca292cab95448,True,1.0,0.0,0.0,0.0,1.0,1.0,0.0,3,drivable_only
89856,df61a7ed2a335e0c,True,0.0,0.0,0.0,0.0,1.0,1.0,0.0,3,both
89954,df98d316a00252ee,True,1.0,0.0,0.0,1.0,1.0,1.0,0.0,3,drivable_only
90022,dfc2ff931a31561b,True,0.0,1.0,0.0,0.0,1.0,1.0,0.0,3,collision_only
90148,e0102b44f3d45baa,True,1.0,0.0,0.0,1.0,1.0,1.0,0.0,3,drivable_only
90154,e01613af95a15cb5,True,0.0,1.0,0.0,0.0,1.0,1.0,0.0,3,collision_only
90287,e0683d2c6d6b59f9,True,1.0,0.0,0.0,1.0,1.0,1.0,0.0,3,drivable_only
90304,e071540349dc57ef,True,1.0,0.0,0.0,1.0,1.0,1.0,0.0,3,drivable_only
90327,e07dd506081d5425,True,1.0,0.0,0.0,1.0,1.0,1.0,0.0,3,drivable_only
90333,e080dad0b78150df,True,0.0,1.0,0.0,0.0,1.0,1.0,0.0,3,collision_only
90394,e0a97ddfd54850b0,True,0.0,1.0,0.0,0.0,1.0,1.0,0.0,3,collision_only
90398,e0ab4835126753d1,True,1.0,0.0,0.0,1.0,1.0,0.0,0.0,3,drivable_only
90429,e0bc3014bbaa54d9,True,1.0,0.0,0.0,1.0,1.0,1.0,0.0,3,drivable_only
90721,e16f0fa0755f54a6,True,0.0,1.0,0.0,0.0,1.0,1.0,0.0,3,collision_only
90837,e1b00d613113585a,True,0.5,1.0,1.0,0.0,1.0,1.0,0.2916666666666667,3,collision_only
90845,e1b1b93ce53f5cb8,True,1.0,0.0,0.0,1.0,1.0,1.0,0.0,3,drivable_only
90864,e1be7ed459c25ec1,True,1.0,0.0,0.0,1.0,1.0,1.0,0.0,3,drivable_only
90901,e1d4cac6163c549e,True,0.0,1.0,0.0,0.0,1.0,1.0,0.0,3,collision_only
91107,e24e68bd02a8588a,True,1.0,0.0,0.0,1.0,1.0,1.0,0.0,3,drivable_only
91227,e29894603c925113,True,1.0,0.0,0.0,1.0,1.0,1.0,0.0,3,drivable_only
91234,e29cbe15b1085c4c,True,0.0,1.0,0.0,0.0,1.0,1.0,0.0,3,collision_only
91235,e2a03abdcfb35871,True,0.0,1.0,0.0,0.0,1.0,1.0,0.0,3,collision_only
91470,e32fe4977eb45ba7,True,0.0,1.0,0.0,0.0,1.0,1.0,0.0,3,collision_only
91481,e334ce7b333052d4,True,1.0,0.0,0.0,1.0,1.0,1.0,0.0,3,drivable_only
91547,e35eeea8d5b6538f,True,1.0,0.0,0.0,1.0,1.0,1.0,0.0,3,drivable_only
91566,e36d94da54be588b,True,0.0,1.0,0.0,0.0,1.0,1.0,0.0,3,collision_only
91568,e370a97297d55693,True,1.0,0.0,0.0,1.0,1.0,1.0,0.0,3,drivable_only
91578,e37a436765375056,True,1.0,0.0,0.0,1.0,1.0,1.0,0.0,3,drivable_only
91834,e41d37a4ee2a5847,True,1.0,0.0,0.0,1.0,1.0,1.0,0.0,3,drivable_only
91906,e4462fbdcf545ade,True,0.0,1.0,0.0,0.0,1.0,1.0,0.0,3,collision_only
91931,e45e3c217188571c,True,1.0,0.0,0.0,1.0,1.0,1.0,0.0,3,drivable_only
92169,e4e8f1a41fd35f7a,True,1.0,0.0,0.0,1.0,1.0,1.0,0.0,3,drivable_only
92290,e52b60efdbca5b36,True,0.0,1.0,0.0,0.0,1.0,1.0,0.0,3,collision_only
92438,e5796a99f06b5b10,True,0.0,1.0,0.0,0.0,1.0,1.0,0.0,3,collision_only
92473,e59039349c215189,True,0.0,1.0,0.0,0.0,1.0,1.0,0.0,3,collision_only
92569,e5d07074fb4c5a79,True,0.0,1.0,0.0,0.0,1.0,1.0,0.0,3,collision_only
92741,e634731f91015bab,True,0.5,1.0,0.4160403061761842,0.0,1.0,1.0,0.1700083971200383,3,collision_only
92865,e67dfdefa9f45eb2,True,0.0,1.0,0.0,0.0,1.0,1.0,0.0,3,collision_only
93009,e6ceabd847285ea2,True,0.0,1.0,0.0,0.0,1.0,1.0,0.0,3,collision_only
93097,e70c39e8276855ed,True,1.0,0.0,0.0,1.0,1.0,1.0,0.0,3,drivable_only
93105,e70ddb9aa0025356,True,0.0,1.0,0.0,0.0,1.0,1.0,0.0,3,collision_only
93230,e75a9cb134da5cfa,True,1.0,0.0,0.0,1.0,1.0,1.0,0.0,3,drivable_only
93289,e77b57caf94d5398,True,1.0,0.0,0.0,1.0,1.0,1.0,0.0,3,drivable_only
93456,e7e617ff31985c55,True,1.0,0.0,0.0,1.0,1.0,0.5,0.0,3,drivable_only
93527,e81002400e945210,True,0.0,1.0,0.0,0.0,1.0,1.0,0.0,3,collision_only
93553,e81c50c528c355a4,True,0.0,1.0,0.0,0.0,1.0,1.0,0.0,3,collision_only
93636,e862df630cd95fcc,True,1.0,0.0,0.0,1.0,1.0,1.0,0.0,3,drivable_only
93749,e8a4675c22a354b4,True,1.0,0.0,0.0,1.0,1.0,1.0,0.0,3,drivable_only
93764,e8ad66d2a5a15e42,True,1.0,0.0,0.0,1.0,1.0,1.0,0.0,3,drivable_only
93773,e8b239c4847353bc,True,0.0,1.0,0.0,0.0,1.0,1.0,0.0,3,collision_only
93810,e8c5d13639325f15,True,1.0,0.0,0.0,1.0,1.0,1.0,0.0,3,drivable_only
93886,e8f8d7b9d9d95815,True,0.0,1.0,0.0,0.0,1.0,1.0,0.0,3,collision_only
93919,e90a46f8eafb513e,True,0.0,1.0,0.0,0.0,1.0,1.0,0.0,3,collision_only
94075,e9698842bbed5f63,True,0.0,1.0,0.0,0.0,1.0,1.0,0.0,3,collision_only
94139,e98f4857c2685028,True,0.0,1.0,0.0,0.0,1.0,1.0,0.0,3,collision_only
94228,e9c1b85d019454b7,True,1.0,0.0,0.0,1.0,1.0,1.0,0.0,3,drivable_only
94426,ea32d8c85da65ff9,True,1.0,0.0,0.0,1.0,1.0,1.0,0.0,3,drivable_only
94452,ea40f02298325b16,True,1.0,0.0,0.0,1.0,1.0,1.0,0.0,3,drivable_only
94549,ea85a4aab6ab5457,True,1.0,0.0,0.0,1.0,1.0,1.0,0.0,3,drivable_only
94688,eacfa2fb20d4533b,True,0.0,1.0,0.0,0.0,1.0,1.0,0.0,3,collision_only
94708,eada58963ef950c5,True,1.0,0.0,0.0,1.0,1.0,1.0,0.0,3,drivable_only
94737,eaed715569255343,True,0.0,1.0,0.0,0.0,1.0,1.0,0.0,3,collision_only
94960,eb7753bd17dd5a88,True,1.0,0.0,0.0,1.0,1.0,1.0,0.0,3,drivable_only
94994,eb85b174f9465ba0,True,1.0,0.0,0.0,1.0,1.0,1.0,0.0,3,drivable_only
95180,ebf479f262ee5750,True,0.0,1.0,0.0,0.0,1.0,1.0,0.0,3,collision_only
95316,ec50e75718b25a8a,True,1.0,0.0,0.0,1.0,1.0,1.0,0.0,3,drivable_only
95626,ed1af24a1f525bf5,True,1.0,0.0,0.0,1.0,1.0,1.0,0.0,3,drivable_only
95656,ed2d7d5def0259f1,True,0.0,1.0,0.0,0.0,1.0,1.0,0.0,3,collision_only
95710,ed4b5e0524df5c87,True,0.0,1.0,0.0,0.0,1.0,1.0,0.0,3,collision_only
95818,ed8ae9db81b25122,True,1.0,0.0,0.0,1.0,1.0,1.0,0.0,3,drivable_only
96228,ee8756f3c85f5e96,True,1.0,0.0,0.0,1.0,1.0,1.0,0.0,3,drivable_only
96299,eeb42d56d9c3532c,True,1.0,0.0,0.0,1.0,1.0,0.0,0.0,3,drivable_only
96348,eed3515ce64b5887,True,1.0,0.0,0.0,1.0,1.0,1.0,0.0,3,drivable_only
96707,efb616986915596c,True,1.0,0.0,0.0,1.0,1.0,1.0,0.0,3,drivable_only
96983,f062fb353fc1540f,True,1.0,0.0,0.0,1.0,1.0,1.0,0.0,3,drivable_only
97026,f07e50d6146a5635,True,1.0,0.0,0.0,1.0,1.0,1.0,0.0,3,drivable_only
97255,f113f5a9c2105ca0,True,1.0,0.0,0.0,1.0,1.0,1.0,0.0,3,drivable_only
97361,f15562ddfa805e57,True,1.0,0.0,0.0,1.0,1.0,1.0,0.0,3,drivable_only
97369,f15b664ea9ba5069,True,1.0,0.0,0.0,1.0,1.0,1.0,0.0,3,drivable_only
97596,f1e68ff111575233,True,1.0,0.0,0.0,1.0,1.0,1.0,0.0,3,drivable_only
97899,f2af0caa1e415ec1,True,1.0,0.0,0.0,1.0,1.0,1.0,0.0,3,drivable_only
98178,f36873ff957b5a74,True,1.0,0.0,0.0,1.0,1.0,1.0,0.0,3,drivable_only
98331,f3bd9a94c7745144,True,0.0,1.0,0.0,0.0,1.0,1.0,0.0,3,collision_only
98949,f54a1e99999d5446,True,1.0,0.0,0.0,1.0,1.0,0.0,0.0,3,drivable_only
99022,f576b9c030d85000,True,1.0,0.0,0.0,1.0,1.0,1.0,0.0,3,drivable_only
99073,f59a2b83427d570d,True,1.0,0.0,0.0,1.0,1.0,1.0,0.0,3,drivable_only
99096,f5aa7195a37d5e1f,True,0.0,1.0,0.0,0.0,1.0,1.0,0.0,3,collision_only
99203,f5e9d6cbe91a5fa2,True,1.0,0.0,0.0,1.0,1.0,0.5,0.0,3,drivable_only
99212,f5f01295945c532c,True,1.0,0.0,0.0,0.0,1.0,1.0,0.0,3,drivable_only
99270,f611e2c8436a5adc,True,0.0,1.0,0.0,0.0,1.0,1.0,0.0,3,collision_only
99376,f6575853259b56c2,True,1.0,0.0,0.0,1.0,1.0,1.0,0.0,3,drivable_only
99393,f66688e313555568,True,1.0,0.0,0.0,1.0,1.0,0.5,0.0,3,drivable_only
99415,f671f64eae4b5ce5,True,0.0,1.0,0.0,0.0,1.0,1.0,0.0,3,collision_only
99859,f79ac5a2c8735638,True,0.0,1.0,0.0,0.0,1.0,1.0,0.0,3,collision_only
100118,f83da369d56f5524,True,1.0,0.0,0.0,1.0,1.0,0.5,0.0,3,drivable_only
100243,f88837b1861c5a3d,True,1.0,0.0,0.0,1.0,1.0,1.0,0.0,3,drivable_only
100352,f8cafea029835ee0,True,1.0,0.0,0.0,1.0,1.0,1.0,0.0,3,drivable_only
100509,f938432bb4d858c1,True,0.0,1.0,0.0,0.0,1.0,1.0,0.0,3,collision_only
100522,f93f2bdd92cb5acc,True,0.0,1.0,0.0,0.0,1.0,1.0,0.0,3,collision_only
100545,f95058db70b15d4b,True,1.0,0.0,0.0,1.0,1.0,1.0,0.0,3,drivable_only
100740,f9c4cdf7e6015b7d,True,1.0,0.0,0.0,1.0,1.0,1.0,0.0,3,drivable_only
100795,f9e6c3064c9557d7,True,1.0,0.0,0.0,1.0,1.0,0.5,0.0,3,drivable_only
100813,f9ede59b61b259b4,True,0.0,1.0,0.0,0.0,1.0,1.0,0.0,3,collision_only
100820,f9f1c28093225243,True,1.0,0.0,0.0,1.0,1.0,1.0,0.0,3,drivable_only
100845,fa0087d0f63150f2,True,1.0,0.0,0.0,1.0,1.0,1.0,0.0,3,drivable_only
100871,fa0dfc22875c5aa9,True,1.0,0.0,0.0,1.0,1.0,1.0,0.0,3,drivable_only
100878,fa151bc549415aee,True,0.0,1.0,0.0,0.0,1.0,1.0,0.0,3,collision_only
101239,faf94859c4095b79,True,0.0,0.0,0.0,0.0,1.0,1.0,0.0,3,both
101457,fb7e5cd4062752d9,True,0.0,1.0,0.0,0.0,1.0,1.0,0.0,3,collision_only
101545,fbaf99ea01fe54f2,True,0.0,1.0,0.0,0.0,1.0,1.0,0.0,3,collision_only
101587,fbc5f2032cad5729,True,1.0,0.0,0.0,1.0,1.0,0.0,0.0,3,drivable_only
101655,fbecaff4684153b7,True,0.0,1.0,0.0,0.0,1.0,1.0,0.0,3,collision_only
101665,fbf34602c1f75747,True,1.0,0.0,0.0,1.0,1.0,0.0,0.0,3,drivable_only
101676,fbfb63b7ec8d50c9,True,0.0,1.0,0.0,0.0,1.0,1.0,0.0,3,collision_only
101680,fbff8aee4f845414,True,1.0,0.0,0.0,1.0,1.0,1.0,0.0,3,drivable_only
101891,fc7f001a4f5b56c1,True,0.0,1.0,0.0,0.0,1.0,1.0,0.0,3,collision_only
101967,fca94ae755e85f55,True,1.0,0.0,0.0,1.0,1.0,1.0,0.0,3,drivable_only
102020,fccd9a08aa2c5ef5,True,1.0,0.0,0.0,1.0,1.0,1.0,0.0,3,drivable_only
102164,fd2cc9580cbf5016,True,1.0,0.0,0.0,1.0,1.0,1.0,0.0,3,drivable_only
102448,fdd8f362969b5d38,True,0.0,1.0,0.0,0.0,1.0,1.0,0.0,3,collision_only
102572,fe2291dc4fa55b01,True,1.0,0.0,0.0,1.0,1.0,1.0,0.0,3,drivable_only
102650,fe56678c364a5c6f,True,1.0,0.0,0.0,1.0,1.0,1.0,0.0,3,drivable_only
102718,fe7b785cae905905,True,1.0,0.0,0.0,0.0,1.0,1.0,0.0,3,drivable_only
102864,fedf56bd69af5cec,True,0.0,1.0,0.0,0.0,1.0,1.0,0.0,3,collision_only
102889,feef50eb186f553a,True,1.0,0.0,0.0,1.0,1.0,1.0,0.0,3,drivable_only
102894,fef19096f9a4568c,True,1.0,0.0,0.0,1.0,1.0,1.0,0.0,3,drivable_only
103013,ff4a3ba962115df5,True,1.0,0.0,0.0,1.0,1.0,1.0,0.0,3,drivable_only
103108,ff7f74950a9051f2,True,1.0,0.0,0.0,1.0,1.0,1.0,0.0,3,drivable_only
103114,ff828caddea75e2a,True,1.0,0.0,0.0,1.0,1.0,1.0,0.0,3,drivable_only
103148,ff9b26207a3d52a9,True,0.0,1.0,0.0,0.0,1.0,1.0,0.0,3,collision_only
103259,fff0487df0165a6d,True,0.0,1.0,0.0,0.0,1.0,1.0,0.0,3,collision_only
